meanOpts,sdOpts,rmse,coverage,mape
0.5,0.5,0.12812332391612835,0.8760330578512396,0.0981841996035023
0.5,1,0.1283530158146754,0.8760330578512396,0.09851704035013667
0.5,1.5,0.12898525625541313,0.8760330578512396,0.09924142012259647
0.5,2,0.12921960402917795,0.8677685950413223,0.0999133056847533
0.5,2.5,0.12915715325678198,0.8677685950413223,0.10045981576442257
0.5,3,0.12897925307680813,0.859504132231405,0.100829226815685
0.5,3.5,0.12878620810902888,0.859504132231405,0.10106505819528594
0.5,4,0.12860283294893246,0.859504132231405,0.10118895111249333
0.5,4.5,0.1284433811279701,0.859504132231405,0.10126362650967252
0.5,5,0.12828541560429682,0.859504132231405,0.10127583290205415
0.5,5.5,0.1281499451529585,0.859504132231405,0.10124896674630747
0.5,6,0.12795756853687737,0.859504132231405,0.10115578067267728
0.5,6.5,0.12785397392364317,0.859504132231405,0.10110775786255141
0.5,7,0.12777301320238507,0.859504132231405,0.10107997214753281
0.5,7.5,0.1276113467380945,0.859504132231405,0.10096943828547388
0.5,8,0.12752732438834893,0.859504132231405,0.10091142224120518
0.5,8.5,0.12742005126142764,0.859504132231405,0.10083245511125626
0.5,9,0.12732889418305293,0.859504132231405,0.10076844398071552
0.5,9.5,0.12728180345910992,0.859504132231405,0.10074434959490246
0.5,10,0.12715561688399837,0.859504132231405,0.10064689316823623
1,0.5,0.13114241893382014,0.9083333333333333,0.09476702184002507
1,1,0.13684536194095107,0.8916666666666667,0.09688341131279639
1,1.5,0.12984351558515925,0.8842975206611571,0.09705137028625287
1,2,0.13095438943174395,0.8842975206611571,0.09824834120959372
1,2.5,0.1315723306771552,0.8760330578512396,0.09928075939751911
1,3,0.13178371204638517,0.859504132231405,0.10010275652232176
1,3.5,0.1317133068065448,0.859504132231405,0.10071744965885504
1,4,0.13152030595510142,0.859504132231405,0.10124952338286275
1,4.5,0.13131766222036612,0.859504132231405,0.10170441729210902
1,5,0.13106249159417346,0.859504132231405,0.10197165879759118
1,5.5,0.1308597382120234,0.859504132231405,0.1022172728863194
1,6,0.1306594912269289,0.859504132231405,0.10236564066641493
1,6.5,0.13043774676393818,0.859504132231405,0.1024506370378963
1,7,0.1302262767743835,0.8677685950413223,0.10246413508232634
1,7.5,0.13005061691662984,0.859504132231405,0.1024676189778802
1,8,0.12988727172526657,0.859504132231405,0.10246302088512013
1,8.5,0.1297098104825172,0.859504132231405,0.10239314690840366
1,9,0.1295200871773222,0.859504132231405,0.10230355514678967
1,9.5,0.12934593363698588,0.859504132231405,0.10219614472901609
1,10,0.1292116129766406,0.859504132231405,0.10213488785635598
1.5,0.5,0.12873529651955717,0.9333333333333333,0.09134111637373256
1.5,1,0.1321835499081423,0.925,0.0925557214419714
1.5,1.5,0.13669118341198722,0.925,0.09451824921376088
1.5,2,0.13985264999596766,0.9,0.09639511388872088
1.5,2.5,0.13234330431438818,0.8842975206611571,0.09739518492711025
1.5,3,0.13325843669054874,0.8842975206611571,0.09873452914776511
1.5,3.5,0.13373952142557863,0.8677685950413223,0.0998239429603074
1.5,4,0.13385242021206414,0.859504132231405,0.1006713755300778
1.5,4.5,0.13381517855955222,0.859504132231405,0.10137960244314671
1.5,5,0.1336520007109474,0.859504132231405,0.10194897357929997
1.5,5.5,0.13342289302661822,0.8512396694214877,0.10238059299401187
1.5,6,0.13315775318683185,0.859504132231405,0.10268799894843142
1.5,6.5,0.13297569543382692,0.859504132231405,0.10299506953848317
1.5,7,0.1327356453540097,0.859504132231405,0.10316012847929512
1.5,7.5,0.13245722136160387,0.859504132231405,0.10335546752845805
1.5,8,0.13232035881810292,0.859504132231405,0.10351225738054573
1.5,8.5,0.13214626218505637,0.859504132231405,0.10365010960248182
1.5,9,0.13190083160327035,0.859504132231405,0.10362338974350259
1.5,9.5,0.13168707287050108,0.859504132231405,0.10362249330049923
1.5,10,0.131425271942541,0.859504132231405,0.10352539357248611
2,0.5,0.1279151654924408,0.9411764705882353,0.08720020927868281
2,1,0.13282838788377127,0.9327731092436975,0.08860231900317439
2,1.5,0.1379333345139023,0.9327731092436975,0.09042087186332065
2,2,0.1369206443395109,0.925,0.09269418013314876
2,2.5,0.1399687256807176,0.925,0.09484954614403672
2,3,0.14191631085327694,0.8916666666666667,0.09675091066425447
2,3.5,0.14305918608336896,0.8833333333333333,0.09828713149691343
2,4,0.13516329114627382,0.8677685950413223,0.09950717100507098
2,4.5,0.13546376059002038,0.859504132231405,0.10040964560249244
2,5,0.13559492072045531,0.859504132231405,0.10127856299732803
2,5.5,0.1355034329954791,0.8512396694214877,0.10198660571165681
2,6,0.1353849043034224,0.8512396694214877,0.1026372642911907
2,6.5,0.13520383052902935,0.859504132231405,0.10310693988894436
2,7,0.13497336322647518,0.859504132231405,0.10351639735127939
2,7.5,0.13477139633657112,0.8512396694214877,0.10381641664368686
2,8,0.13458590785028077,0.8512396694214877,0.10411967606643954
2,8.5,0.13434506318161168,0.859504132231405,0.10430097556246658
2,9,0.13415169101308927,0.859504132231405,0.10445027802674428
2,9.5,0.13388908377404726,0.859504132231405,0.10451699262750844
2,10,0.1336954688022554,0.859504132231405,0.10459062358439658
2.5,0.5,0.12335587193628135,0.9411764705882353,0.08310079182609127
2.5,1,0.1274580024128593,0.9411764705882353,0.08435892110233661
2.5,1.5,0.13265083564310165,0.9411764705882353,0.08615001669284085
2.5,2,0.13759810563061847,0.9327731092436975,0.08833103899495691
2.5,2.5,0.14147625378540685,0.9243697478991597,0.09056680022579909
2.5,3,0.14017611828157892,0.9166666666666666,0.09412823809692725
2.5,3.5,0.14216508769950786,0.8916666666666667,0.0960857791280018
2.5,4,0.14342398938784873,0.8916666666666667,0.09766744927354284
2.5,4.5,0.1441567849350174,0.8916666666666667,0.09893417022460167
2.5,5,0.13671536625067185,0.8760330578512396,0.10005751227516105
2.5,5.5,0.13691705390697043,0.8677685950413223,0.10100636721776307
2.5,6,0.13697245058436278,0.859504132231405,0.10184193761675465
2.5,6.5,0.13694996986708072,0.8512396694214877,0.10259664035322591
2.5,7,0.13679902002468902,0.8512396694214877,0.10321944780509074
2.5,7.5,0.13670067990085916,0.8429752066115702,0.10378178202105907
2.5,8,0.13653835522181762,0.8429752066115702,0.10422953905472271
2.5,8.5,0.13631217878455681,0.8429752066115702,0.10461778426715
2.5,9,0.13614495694997725,0.859504132231405,0.10489800022145089
2.5,9.5,0.13597197897617153,0.859504132231405,0.10521916335405154
2.5,10,0.1357569806747717,0.8512396694214877,0.10534746418855855
3,0.5,0.11853775912561842,0.9491525423728814,0.07846868169406726
3,1,0.12258353882940314,0.9491525423728814,0.0795613134717854
3,1.5,0.12743204691619478,0.9491525423728814,0.08111896144075316
3,2,0.1321097339142076,0.940677966101695,0.0829261369291639
3,2.5,0.13757224621253203,0.9411764705882353,0.08706208939653091
3,3,0.14113127918688118,0.9243697478991597,0.08953267930836169
3,3.5,0.14364315529309343,0.9159663865546218,0.09165184122166199
3,4,0.14530504264216887,0.907563025210084,0.09348807791194232
3,4.5,0.1436559808121872,0.8916666666666667,0.09697501836834768
3,5,0.14450378424927282,0.8916666666666667,0.09831095292278885
3,5.5,0.14500357097657077,0.8916666666666667,0.09953193551945169
3,6,0.14525536774351303,0.8916666666666667,0.10069373078328497
3,6.5,0.1381438869492023,0.8677685950413223,0.1015746635689766
3,7,0.13816866463818647,0.859504132231405,0.10241872429140768
3,7.5,0.13815021923069754,0.859504132231405,0.10316610849571733
3,8,0.13804474924496968,0.8512396694214877,0.10380980452114978
3,8.5,0.13797604114384515,0.8512396694214877,0.10439895140845651
3,9,0.13785745692851653,0.8512396694214877,0.10487374343714868
3,9.5,0.1376745219277684,0.8429752066115702,0.10530379297483557
3,10,0.1375395237272949,0.8429752066115702,0.10566761014901778
3.5,0.5,0.11238971391669228,0.9576271186440678,0.0744941133146019
3.5,1,0.11610548022516991,0.9576271186440678,0.07555176212619187
3.5,1.5,0.12139734350716393,0.9491525423728814,0.07727920487757806
3.5,2,0.12675668061534487,0.940677966101695,0.07931522735285254
3.5,2.5,0.13146213614926722,0.940677966101695,0.08164690925334497
3.5,3,0.13509796593554305,0.9322033898305084,0.08372371743361355
3.5,3.5,0.1409894702939253,0.9159663865546218,0.08886411242247433
3.5,4,0.14335183100243398,0.907563025210084,0.09099303701654947
3.5,4.5,0.14499988334765893,0.8991596638655462,0.09279738090912061
3.5,5,0.1460890135842621,0.8991596638655462,0.09425646605432747
3.5,5.5,0.1447417617830138,0.8916666666666667,0.09764009129035964
3.5,6,0.14532783048294134,0.8916666666666667,0.09886321044649533
3.5,6.5,0.1457088734706855,0.8916666666666667,0.10012306605841959
3.5,7,0.14586365390446965,0.8916666666666667,0.10117423568094067
3.5,7.5,0.13907906275544474,0.8677685950413223,0.10213436671215222
3.5,8,0.13918449063283697,0.8677685950413223,0.10296083101493356
3.5,8.5,0.1392037174836165,0.859504132231405,0.10369536682383144
3.5,9,0.13914199863209747,0.859504132231405,0.10436199913499715
3.5,9.5,0.13904265642736252,0.859504132231405,0.10492661114266656
3.5,10,0.13894511268837234,0.8512396694214877,0.10548364373182648
4,0.5,0.10522959529948409,0.9658119658119658,0.06972596619766148
4,1,0.10804061175901268,0.9658119658119658,0.07056833879692828
4,1.5,0.11200262862773931,0.9572649572649573,0.07190306626410851
4,2,0.11640327969958777,0.9572649572649573,0.07357432791773497
4,2.5,0.12686775822956023,0.940677966101695,0.078582475463668075
4,3,0.13123045034496583,0.940677966101695,0.08101506173276479
4,3.5,0.13464770864928924,0.9322033898305084,0.0831135877279577
4,4,0.13720896607148197,0.9322033898305084,0.0849727523292352
4,4.5,0.14318753221513383,0.907563025210084,0.09057008312207997
4,5,0.14475347466287652,0.8991596638655462,0.0922352570955902
4,5.5,0.14583814842692394,0.8907563025210085,0.09357673438801824
4,6,0.1465638665092828,0.8907563025210085,0.0948287062774849
4,6.5,0.14554380800449163,0.8916666666666667,0.09829700197385398
4,7,0.14598782802946994,0.8833333333333333,0.09957008170060015
4,7.5,0.1462633334265986,0.875,0.1006590399734981
4,8,0.14640965753470317,0.875,0.10168258747098995
4,8.5,0.14648913031727845,0.8833333333333333,0.10260870182271596
4,9,0.1503001782354214,0.859504132231405,0.10906140781746292
4,9.5,0.14982227302586676,0.859504132231405,0.10977387041141985
4,10,0.14920753024160704,0.859504132231405,0.11039301939252087
4.5,0.5,0.09888305523604644,0.9743589743589743,0.0661636530224055
4.5,1,0.10169233093500087,0.9743589743589743,0.06700726101334596
4.5,1.5,0.10609676409772303,0.9658119658119658,0.06850645321187608
4.5,2,0.11110570808800846,0.9572649572649573,0.07052849966678945
4.5,2.5,0.11582316861363945,0.9572649572649573,0.07281282127797495
4.5,3,0.11989448745913815,0.9572649572649573,0.07492470281519063
4.5,3.5,0.12308932917598162,0.9487179487179487,0.07680650243714744
4.5,4,0.13438084920843063,0.9322033898305084,0.08261934301090841
4.5,4.5,0.13671703608083852,0.9322033898305084,0.08448245645400021
4.5,5,0.1384807989171766,0.923728813559322,0.08615897475961944
4.5,5.5,0.13967443905217505,0.9152542372881356,0.08751410884596524
4.5,6,0.14561848019325216,0.8907563025210085,0.09296760358349042
4.5,6.5,0.14640317359561653,0.8907563025210085,0.09431821843523869
4.5,7,0.1469121560197624,0.8907563025210085,0.09558290415776698
4.5,7.5,0.16083891685499713,0.8666666666666667,0.10760964602434564
4.5,8,0.16085928148276307,0.8666666666666667,0.10824258123176159
4.5,8.5,0.14675394508516634,0.875,0.10123745512480506
4.5,9,0.14689049736913598,0.875,0.10216571105474545
4.5,9.5,0.14701333156398017,0.8666666666666667,0.1031494531365235
4.5,10,0.15218745755804092,0.8512396694214877,0.11054524516695828
5,0.5,0.09183249295616759,0.9827586206896551,0.06211127645369396
5,1,0.09354285903533899,0.9827586206896551,0.06278858202268024
5,1.5,0.09637528056246773,0.9827586206896551,0.06393731688387025
5,2,0.09992222214060362,0.9741379310344828,0.06547521141589234
5,2.5,0.10359816256337032,0.9741379310344828,0.06742741721499264
5,3,0.11599229846146059,0.9572649572649573,0.0727409480613212
5,3.5,0.11975237055467128,0.9572649572649573,0.07476209856737648
5,4,0.12272826921129777,0.9487179487179487,0.07634528961992873
5,4.5,0.12503835065283458,0.9316239316239316,0.07794548745457552
5,5,0.13651845276209432,0.9322033898305084,0.08421129521000677
5,5.5,0.13811822209454072,0.923728813559322,0.08570214134189666
5,6,0.13925251489829676,0.9152542372881356,0.0869999867577409
5,6.5,0.14008782452089355,0.9152542372881356,0.08842070291523034
5,7,0.14622991195529256,0.8907563025210085,0.09380503740169707
5,7.5,0.1467874732155122,0.8907563025210085,0.0951048323379964
5,8,0.14717880918468043,0.8823529411764706,0.09629190072669755
5,8.5,0.14745300455124596,0.8823529411764706,0.09735031103629435
5,9,0.16210032222456605,0.8583333333333333,0.10929288752220256
5,9.5,0.16193535104147594,0.8583333333333333,0.1099691403256899
5,10,0.16156775502643703,0.8583333333333333,0.11090198467633944
5.5,0.5,0.08688083721271171,0.9827586206896551,0.05960858913831726
5.5,1,0.08875880042490578,0.9827586206896551,0.060361406801811686
5.5,1.5,0.09191008758144857,0.9827586206896551,0.061611813917158115
5.5,2,0.09579128248978892,0.9827586206896551,0.06352453112016025
5.5,2.5,0.09987078964791589,0.9827586206896551,0.06566773524897754
5.5,3,0.10368487513610772,0.9741379310344828,0.06778067595482158
5.5,3.5,0.10690131106074786,0.9655172413793104,0.06958445813540032
5.5,4,0.10951606273767403,0.9568965517241379,0.07105728760114789
5.5,4.5,0.12266913717045612,0.9401709401709402,0.07611228319937603
5.5,5,0.12474723394867736,0.9316239316239316,0.07766676539531671
5.5,5.5,0.12633984761987896,0.9316239316239316,0.07916008273913884
5.5,6,0.12747903627078513,0.9316239316239316,0.08054363027929588
5.5,6.5,0.13890470380077044,0.9152542372881356,0.08658242264459162
5.5,7,0.13972711225539347,0.9152542372881356,0.08785449799671169
5.5,7.5,0.14030203739277539,0.8898305084745762,0.089295550944616
5.5,8,0.16459683454017826,0.865546218487395,0.10572366738119925
5.5,8.5,0.16490161717810595,0.8487394957983193,0.10652840351083076
5.5,9,0.16508503988626425,0.8487394957983193,0.1071630842692845
5.5,9.5,0.1650989472165566,0.8571428571428571,0.10783697334913547
5.5,10,0.16330294720781033,0.85,0.1104204867429778
6,0.5,0.08199625265522854,0.9826086956521739,0.058427969326200195
6,1,0.08302953290170308,0.9826086956521739,0.05895759952227782
6,1.5,0.08488736974891059,0.9739130434782609,0.059914064594863294
6,2,0.08751647211232653,0.9739130434782609,0.061500477375768324
6,2.5,0.09043213828291301,0.9652173913043478,0.0631852812083682
6,3,0.09330584962644888,0.9739130434782609,0.06482663470212385
6,3.5,0.10428992705508193,0.9741379310344828,0.06875345543868583
6,4,0.10723107399819527,0.9568965517241379,0.07017714976411282
6,4.5,0.1096040335286963,0.9568965517241379,0.07137087407106658
6,5,0.1114398467816575,0.9482758620689655,0.07246864032730485
6,5.5,0.12460600382151149,0.9401709401709402,0.07758757993026374
6,6,0.12604443913909802,0.9316239316239316,0.07890072707205824
6,6.5,0.12716270558755063,0.9316239316239316,0.08033788234819778
6,7,0.1279413454359912,0.9316239316239316,0.08172177233189087
6,7.5,0.1394115859780187,0.9152542372881356,0.08754844545721728
6,8,0.1400125884434753,0.8983050847457628,0.08879052682265279
6,8.5,0.14045295429194385,0.8898305084745762,0.09014283239162776
6,9,0.16553884224703982,0.8571428571428571,0.10651018641852598
6,9.5,0.1657611815056777,0.8487394957983193,0.1072780738513978
6,10,0.16583871586764612,0.8487394957983193,0.10803136472636818
6.5,0.5,0.07957251133846624,0.9739130434782609,0.058433377836607264
6.5,1,0.08068303806430877,0.9652173913043478,0.05914116065612957
6.5,1.5,0.08268873334838012,0.9652173913043478,0.060438584567348304
6.5,2,0.0854366165577657,0.9652173913043478,0.06204331533783401
6.5,2.5,0.08849524225998158,0.9652173913043478,0.06378980107746376
6.5,3,0.0914997963401423,0.9652173913043478,0.06537577916152684
6.5,3.5,0.09427669488662352,0.9652173913043478,0.06661028816991404
6.5,4,0.09656530532151579,0.9652173913043478,0.06768543393050697
6.5,4.5,0.1077635673365358,0.9568965517241379,0.07110825113846253
6.5,5,0.10986848410596965,0.9568965517241379,0.0719677114678834
6.5,5.5,0.1115319557680304,0.9482758620689655,0.072863683849335
6.5,6,0.1127796877065155,0.9482758620689655,0.0737285256914816
6.5,6.5,0.11370188555346335,0.9482758620689655,0.07472461563122802
6.5,7,0.1268715530407215,0.9316239316239316,0.08014402485956593
6.5,7.5,0.12762774365225396,0.9230769230769231,0.08149688932920153
6.5,8,0.12819595931965208,0.905982905982906,0.08280694126149722
6.5,8.5,0.15963680923530588,0.8728813559322034,0.10134335968011132
6.5,9,0.16044901729003463,0.8728813559322034,0.10242324320485437
6.5,9.5,0.1609221308622154,0.8728813559322034,0.103319424875327
6.5,10,0.16122537035109943,0.8559322033898306,0.104238373992266
7,0.5,0.07796428530831512,0.9824561403508771,0.05901566206924904
7,1,0.07868295749178467,0.9736842105263158,0.05979028391618581
7,1.5,0.08000726288576124,0.9736842105263158,0.06099094473032145
7,2,0.08184434544908428,0.9736842105263158,0.062476849598530726
7,2.5,0.0840220917770812,0.9649122807017544,0.06402208433795649
7,3,0.08624607578488837,0.9649122807017544,0.06553230401607249
7,3.5,0.09307643220984947,0.9652173913043478,0.06745228185211527
7,4,0.09552933600961426,0.9652173913043478,0.06838354403301866
7,4.5,0.09755102208336765,0.9652173913043478,0.06921373343799503
7,5,0.0991738728799951,0.9739130434782609,0.06987984785137386
7,5.5,0.10042826387019367,0.9739130434782609,0.07053430968666953
7,6,0.1116806348729349,0.9482758620689655,0.07348548559665555
7,6.5,0.11281817465392943,0.9482758620689655,0.07430177834962501
7,7,0.11365492625578097,0.9482758620689655,0.07521588681047649
7,7.5,0.11427763800605023,0.9482758620689655,0.07622857411936583
7,8,0.14741131939396138,0.8888888888888888,0.0953970017685013
7,8.5,0.14856411691707408,0.8803418803418803,0.09644025024956775
7,9,0.1495085493603617,0.8717948717948718,0.09719281190136068
7,9.5,0.16064548314579155,0.8728813559322034,0.10241194513780327
7,10,0.1611347615417388,0.8728813559322034,0.10316794339303365
7.5,0.5,0.07804710917044815,0.9824561403508771,0.060687635115418685
7.5,1,0.07877386611441328,0.9736842105263158,0.06157536439225992
7.5,1.5,0.08009728754019096,0.9736842105263158,0.062841111550105
7.5,2,0.08193484631356528,0.9736842105263158,0.06434227350756266
7.5,2.5,0.08406918199774148,0.9736842105263158,0.06574278460942733
7.5,3,0.08627281609400915,0.9736842105263158,0.06700746321880376
7.5,3.5,0.08831483144235053,0.9649122807017544,0.06822329707026575
7.5,4,0.09009728269529248,0.9649122807017544,0.06907540667342763
7.5,4.5,0.09157819005807302,0.9649122807017544,0.06962309550646405
7.5,5,0.09856375472547348,0.9652173913043478,0.07043514992981838
7.5,5.5,0.0999714927179185,0.9652173913043478,0.07093426385855263
7.5,6,0.10101550448782073,0.9652173913043478,0.07156541360593252
7.5,6.5,0.10179018583227302,0.9565217391304348,0.07224388677450105
7.5,7,0.1129519162319736,0.9396551724137931,0.07505931850623364
7.5,7.5,0.11368157137169353,0.9396551724137931,0.07593944231694748
7.5,8,0.11422944470708046,0.9396551724137931,0.0767005551796629
7.5,8.5,0.11462959983875887,0.9310344827586207,0.07758223149681051
7.5,9,0.14867939528636118,0.8717948717948718,0.09668618161472008
7.5,9.5,0.14955087571474987,0.8632478632478633,0.09735016481958604
7.5,10,0.15022545337190787,0.8547008547008547,0.09799998030406197
8,0.5,0.07897064240466128,0.9823008849557522,0.06262828041403741
8,1,0.07965350489729396,0.9734513274336283,0.0635852819336725
8,1.5,0.08073005737856244,0.9734513274336283,0.06490542257781542
8,2,0.08216536738290789,0.9646017699115044,0.06636661541366433
8,2.5,0.08380192610326731,0.9557522123893806,0.06781910012521526
8,3,0.08550697773086108,0.9469026548672567,0.06906484232149648
8,3.5,0.08876131278057388,0.9649122807017544,0.06979492663027678
8,4,0.0904735285797037,0.9649122807017544,0.07053271929799601
8,4.5,0.09194380144334167,0.956140350877193,0.07101875693910957
8,5,0.09309923408479837,0.9385964912280702,0.07131548222114534
8,5.5,0.09401030724291679,0.9385964912280702,0.07153140159470812
8,6,0.09462945394725816,0.9385964912280702,0.071818623712524
8,6.5,0.10156413486492817,0.9565217391304348,0.0725164465013085
8,7,0.10225291309428691,0.9565217391304348,0.07323941846398399
8,7.5,0.10268317065353472,0.9565217391304348,0.0740476228347279
8,8,0.103011334154007,0.9478260869565217,0.07475887604653807
8,8.5,0.13430506515331792,0.896551724137931,0.09215737092556064
8,9,0.13546415401178633,0.8793103448275862,0.09254724035436328
8,9.5,0.13637724128602552,0.8706896551724138,0.09288027033215063
8,10,0.14964989639221066,0.8632478632478633,0.09753020364532845
8.5,0.5,0.08093936985467774,0.9646017699115044,0.06520081218034197
8.5,1,0.08159076004283769,0.9646017699115044,0.06613405316522646
8.5,1.5,0.08263054904376338,0.9469026548672567,0.06746479454394963
8.5,2,0.08400481415358212,0.9292035398230089,0.06892219323905725
8.5,2.5,0.08556319280181708,0.9380530973451328,0.0703532761308123
8.5,3,0.08713432358690082,0.9292035398230089,0.07149760774917868
8.5,3.5,0.0885325906358737,0.9292035398230089,0.0723072489226954
8.5,4,0.08981273310097959,0.9380530973451328,0.07283699010457013
8.5,4.5,0.09079482922898334,0.9292035398230089,0.07319964295761648
8.5,5,0.09156279590107581,0.9380530973451328,0.07335259516727419
8.5,5.5,0.09453129070626554,0.9298245614035088,0.07294682868223482
8.5,6,0.09522511192951662,0.9210526315789473,0.07304804335121845
8.5,6.5,0.09567315558357845,0.9298245614035088,0.07328982572195764
8.5,7,0.09596052730853123,0.9298245614035088,0.07376134809275622
8.5,7.5,0.10269358604413528,0.9478260869565217,0.0743613509828646
8.5,8,0.1030428423614599,0.9478260869565217,0.07499470621946705
8.5,8.5,0.1032851240489962,0.9391304347826087,0.07560139151992436
8.5,9,0.10339388783579831,0.9391304347826087,0.07613989827315897
8.5,9.5,0.13570140351702714,0.8620689655172413,0.09352340543122831
8.5,10,0.13657037551832701,0.8620689655172413,0.09355853940707472
9,0.5,0.08360229255407356,0.9285714285714286,0.06795943493014774
9,1,0.08432923568225739,0.9285714285714286,0.06887624527327948
9,1.5,0.085409580079699,0.9107142857142857,0.0702840859574656
9,2,0.08666055844945635,0.9017857142857143,0.07182175975601654
9,2.5,0.08806639481761296,0.8928571428571429,0.07332388532440304
9,3,0.08944054869811095,0.875,0.07464907495181668
9,3.5,0.09066897395253067,0.8660714285714286,0.0756509043136165
9,4,0.09147469160358386,0.911504424778761,0.07513275765268083
9,4.5,0.09230878138595788,0.911504424778761,0.07518285358593224
9,5,0.09300791039994896,0.911504424778761,0.07524528549865032
9,5.5,0.09346097329526508,0.9203539823008849,0.0750913247112585
9,6,0.09369876191943897,0.9292035398230089,0.07499119652878146
9,6.5,0.09636236076352352,0.9210526315789473,0.07456439578798055
9,7,0.09662360561466245,0.9210526315789473,0.07468321389386318
9,7.5,0.09676993095324517,0.9210526315789473,0.07514449667425971
9,8,0.09681934684349859,0.9385964912280702,0.07564421116673439
9,8.5,0.09669490546274363,0.9473684210526315,0.07610623984626266
9,9,0.12323690921289832,0.8869565217391304,0.09167001496717601
9,9.5,0.12403146424686806,0.8869565217391304,0.091595223391593
9,10,0.12475172375513786,0.8695652173913043,0.09163234642499318
9.5,0.5,0.08676472366598617,0.9017857142857143,0.0712417018505271
9.5,1,0.08744869666027005,0.8839285714285714,0.07214050948962271
9.5,1.5,0.08843431063356276,0.8839285714285714,0.07337652982704423
9.5,2,0.08964504143885937,0.875,0.0747501975033004
9.5,2.5,0.09089275761599208,0.8660714285714286,0.07604428696114182
9.5,3,0.09211598338234042,0.8571428571428571,0.07722117233077248
9.5,3.5,0.09321497409542162,0.8571428571428571,0.07812889411106959
9.5,4,0.09413802903633876,0.8571428571428571,0.07869539984552344
9.5,4.5,0.09471579564233525,0.8571428571428571,0.07879401092811009
9.5,5,0.09507236567439228,0.8571428571428571,0.0787255533629818
9.5,5.5,0.09500224595777847,0.9026548672566371,0.07710579419442183
9.5,6,0.09513750912976594,0.911504424778761,0.07659940226809875
9.5,6.5,0.09519376841583306,0.9292035398230089,0.07639979285001876
9.5,7,0.09516405170320834,0.9203539823008849,0.07633893580904055
9.5,7.5,0.09492529069285251,0.9203539823008849,0.07681577953443268
9.5,8,0.09757499850676189,0.9210526315789473,0.07663518745644347
9.5,8.5,0.09748607833701038,0.9210526315789473,0.07691550887270461
9.5,9,0.11559653120974443,0.8771929824561403,0.09185800554172577
9.5,9.5,0.11611792623095567,0.8859649122807017,0.0916938631744532
9.5,10,0.12462420317490544,0.8695652173913043,0.0928934690619206
10,0.5,0.0904888974196717,0.8918918918918919,0.07457765280012503
10,1,0.0912704943059477,0.8828828828828829,0.07555178162903967
10,1.5,0.09239309846862018,0.8828828828828829,0.07698903836393321
10,2,0.09368847589387767,0.8828828828828829,0.07862330792609612
10,2.5,0.09499882870621394,0.8828828828828829,0.08022392991570895
10,3,0.0962859689864194,0.8828828828828829,0.08159146877398499
10,3.5,0.09738842022981893,0.8828828828828829,0.08260674274223659
10,4,0.09662906259486356,0.8571428571428571,0.08130749438541131
10,4.5,0.0970617749396965,0.8571428571428571,0.08133809059557663
10,5,0.09734059310749638,0.8571428571428571,0.08109926174600997
10,5.5,0.0974349741862173,0.8660714285714286,0.08075156376025405
10,6,0.09736673530482312,0.875,0.0801840868955143
10,6.5,0.09720663327378577,0.8839285714285714,0.07954854042114416
10,7,0.09656178776943337,0.9026548672566371,0.07784064498657994
10,7.5,0.09638904354083774,0.9203539823008849,0.07785329542328571
10,8,0.09609233921626813,0.9203539823008849,0.07831404083475282
10,8.5,0.0956714567998853,0.9203539823008849,0.07873325727832375
10,9,0.11619238678657096,0.868421052631579,0.09352566083321445
10,9.5,0.11665000024037951,0.868421052631579,0.09355149768335697
10,10,0.11704637263517637,0.8859649122807017,0.09333578839815464
10.5,0.5,0.09432375690908079,0.8828828828828829,0.07824858382523978
10.5,1,0.09507761068227043,0.8828828828828829,0.07919374614934784
10.5,1.5,0.09607089007472507,0.8828828828828829,0.08045309616806486
10.5,2,0.09728462637476716,0.8828828828828829,0.08190650894921482
10.5,2.5,0.09850448622523067,0.8828828828828829,0.08336154594416038
10.5,3,0.09958028624975333,0.8828828828828829,0.08458687241717351
10.5,3.5,0.10053422518038156,0.8738738738738738,0.08549286353811052
10.5,4,0.10122304926535021,0.8648648648648649,0.0859926670830079
10.5,4.5,0.10163919742582235,0.8648648648648649,0.0860382831925096
10.5,5,0.10182289803582412,0.8648648648648649,0.085706941255049
10.5,5.5,0.10179251409822229,0.8648648648648649,0.0852027551747087
10.5,6,0.09949613917039654,0.8571428571428571,0.08256570298178921
10.5,6.5,0.09915482722284918,0.875,0.08173763163580534
10.5,7,0.098859708311629,0.8660714285714286,0.08098200687956912
10.5,7.5,0.09833951969308367,0.875,0.08023328799148022
10.5,8,0.09780596124361698,0.9017857142857143,0.08040559189134534
10.5,8.5,0.11285331029009524,0.8672566371681416,0.09421382448018076
10.5,9,0.11299098759667289,0.8672566371681416,0.09429116422651407
10.5,9.5,0.11313378503286493,0.8761061946902655,0.09429617046091399
10.5,10,0.11302392357292254,0.8938053097345132,0.0942548482591929
11,0.5,0.09863199430218843,0.8818181818181818,0.08198020513949618
11,1,0.09947829075381526,0.8636363636363636,0.08298711493968393
11,1.5,0.10066766436486926,0.8636363636363636,0.08444526548306927
11,2,0.10201965281881634,0.8636363636363636,0.08612645131561034
11,2.5,0.10340790455455273,0.8636363636363636,0.08777995126760206
11,3,0.10471495241566918,0.8636363636363636,0.0892982598789556
11,3.5,0.10575045052307613,0.8636363636363636,0.09035832071971009
11,4,0.10664352818919544,0.8636363636363636,0.09111090591772629
11,4.5,0.10449572745042715,0.8468468468468469,0.08867514633385867
11,5,0.10455249879722645,0.8468468468468469,0.08833673120514622
11,5.5,0.10445192623892174,0.8558558558558559,0.08768076495352059
11,6,0.1041317421229175,0.8648648648648649,0.08699348618015908
11,6.5,0.1036428650260086,0.8648648648648649,0.08621017392065836
11,7,0.10316806899070677,0.8648648648648649,0.08531305887965802
11,7.5,0.10028845492588677,0.8571428571428571,0.08234852371113129
11,8,0.09967770334250632,0.8928571428571429,0.0817395943259357
11,8.5,0.0990666777178772,0.8928571428571429,0.08198974129868473
11,9,0.09832009343666794,0.9017857142857143,0.0821123619326173
11,9.5,0.11466697442426442,0.8672566371681416,0.09632856257701443
11,10,0.11445572924910408,0.8672566371681416,0.09592099547706795
11.5,0.5,0.10279589565449758,0.8636363636363636,0.08536731685619664
11.5,1,0.10358724523736995,0.8636363636363636,0.08636337415328368
11.5,1.5,0.10468374645069205,0.8545454545454545,0.08770535013586976
11.5,2,0.10591542147548513,0.8454545454545455,0.0891972448742552
11.5,2.5,0.10716355425674334,0.8454545454545455,0.09073248247130107
11.5,3,0.10833131864503882,0.8545454545454545,0.09222389199033777
11.5,3.5,0.10924060175204707,0.8636363636363636,0.0932710840771478
11.5,4,0.10995751829683406,0.8636363636363636,0.0939499858437839
11.5,4.5,0.11027240142351122,0.8636363636363636,0.09406674010313716
11.5,5,0.11040441868917923,0.8636363636363636,0.09376547059840204
11.5,5.5,0.11025746534976136,0.8727272727272727,0.09310476107903676
11.5,6,0.10664792801077422,0.8378378378378378,0.08927642755904855
11.5,6.5,0.10616179939591977,0.8468468468468469,0.08852201812228773
11.5,7,0.10557103533325025,0.8558558558558559,0.08759510636787031
11.5,7.5,0.10485443616065004,0.8738738738738738,0.0864844088129969
11.5,8,0.1041250838178687,0.8738738738738738,0.08554459030790651
11.5,8.5,0.11536384374642741,0.8660714285714286,0.09765373561472386
11.5,9,0.11509771633057725,0.8660714285714286,0.09751875220796222
11.5,9.5,0.11478568899240618,0.8660714285714286,0.09765246607078379
11.5,10,0.11436625786988365,0.8839285714285714,0.09766137558820853
12,0.5,0.10737671879244137,0.8348623853211009,0.08885916167265821
12,1,0.10824740881196425,0.8348623853211009,0.08990601317478428
12,1.5,0.10950736038155914,0.8440366972477065,0.09142527330783974
12,2,0.11101344734303932,0.8440366972477065,0.09320587786066398
12,2.5,0.11249494514264427,0.8440366972477065,0.09493769789406306
12,3,0.1138995964148563,0.8348623853211009,0.09653860558221884
12,3.5,0.11504781968619748,0.8348623853211009,0.09779236099794265
12,4,0.11596175210053963,0.8348623853211009,0.09861729441051405
12,4.5,0.11335535134449436,0.8363636363636363,0.09660094755845174
12,5,0.11328058283368568,0.8363636363636363,0.09626988392165023
12,5.5,0.11304146552533993,0.8363636363636363,0.09564143373077498
12,6,0.11262499370097284,0.8727272727272727,0.09474965905123614
12,6.5,0.11208454328510238,0.8727272727272727,0.09380911032320295
12,7,0.11147117302128072,0.8636363636363636,0.09269545652652844
12,7.5,0.10715258134805136,0.8468468468468469,0.08865356295363863
12,8,0.1063637937506916,0.8648648648648649,0.08751303407570758
12,8.5,0.10543226437573416,0.8738738738738738,0.08662834766100443
12,9,0.10446128952341721,0.8738738738738738,0.08616080011882173
12,9.5,0.11726129241808589,0.8738738738738738,0.0992983292557065
12,10,0.11653564331777215,0.8660714285714286,0.09954191361894439
12.5,0.5,0.11164561765177312,0.8348623853211009,0.09193665257378095
12.5,1,0.11246246082038217,0.8348623853211009,0.0929258700628837
12.5,1.5,0.11363764759200157,0.8348623853211009,0.09439078561778977
12.5,2,0.11499701882077044,0.8348623853211009,0.09608341148507527
12.5,2.5,0.11634392447574972,0.8348623853211009,0.09774741694261187
12.5,3,0.11759923587121317,0.8348623853211009,0.09930244444656149
12.5,3.5,0.11854526977559325,0.8256880733944955,0.10047759724683226
12.5,4,0.11928993697923415,0.8256880733944955,0.10125403909890304
12.5,4.5,0.11972229712669344,0.8256880733944955,0.10157066213169304
12.5,5,0.11977464512017039,0.8256880733944955,0.10138495024729327
12.5,5.5,0.11970227464759503,0.8256880733944955,0.10103016912570059
12.5,6,0.11922867847727091,0.8256880733944955,0.10025033231677544
12.5,6.5,0.11478004514153041,0.8454545454545455,0.09608678196991721
12.5,7,0.11400997279545445,0.8454545454545455,0.09499950623326951
12.5,7.5,0.11316468953256933,0.8454545454545455,0.09371809152285415
12.5,8,0.1123097086987105,0.8636363636363636,0.09235462513666047
12.5,8.5,0.11135774255585264,0.8636363636363636,0.09106617420766959
12.5,9,0.12070770010797136,0.8468468468468469,0.10188758359225995
12.5,9.5,0.1198988496440993,0.8558558558558559,0.10121788961488457
12.5,10,0.11920329729194493,0.8738738738738738,0.10120177792829321
13,0.5,0.1163468896574177,0.7962962962962963,0.09505274973158821
13,1,0.1172627293282511,0.7962962962962963,0.0961423131963348
13,1.5,0.11859355505681349,0.8148148148148148,0.09774066661766666
13,2,0.12019397689247557,0.8240740740740741,0.09963365526793568
13,2.5,0.12181569637660357,0.8148148148148148,0.10153038052199961
13,3,0.1233036377586172,0.8148148148148148,0.10322176132737534
13,3.5,0.12461027398156217,0.8055555555555556,0.10464124450977456
13,4,0.12557117253258834,0.8055555555555556,0.10555990879707612
13,4.5,0.12275264027540127,0.8165137614678899,0.10387458738055298
13,5,0.1227930989120242,0.8073394495412844,0.1037487423532115
13,5.5,0.12251602724567397,0.8073394495412844,0.10314218640550324
13,6,0.12209159499703436,0.7981651376146789,0.10248778501773785
13,6.5,0.12152961980198743,0.8073394495412844,0.10160061703537261
13,7,0.12076221018890161,0.8073394495412844,0.10043996054603563
13,7.5,0.1199766994023791,0.8165137614678899,0.09919054387942805
13,8,0.11476435889427208,0.8363636363636363,0.0946108211385372
13,8.5,0.11373064496903912,0.8363636363636363,0.09315670776908144
13,9,0.1255175322574686,0.8363636363636363,0.10472813879658975
13,9.5,0.12436511899113761,0.8363636363636363,0.1036283739785984
13,10,0.12342491344170285,0.8545454545454545,0.1034090649836531
13.5,0.5,0.12059477448524264,0.7962962962962963,0.09786796361482086
13.5,1,0.12144052292732756,0.7870370370370371,0.09889730733952769
13.5,1.5,0.12267770751309544,0.7777777777777778,0.10044062501317491
13.5,2,0.12414846992082813,0.7777777777777778,0.10228005270220589
13.5,2.5,0.12561206546509066,0.7777777777777778,0.1041469345093494
13.5,3,0.1269171268131351,0.7870370370370371,0.10580564058161163
13.5,3.5,0.12809583837627553,0.7870370370370371,0.10720648933527539
13.5,4,0.1288554770539512,0.7777777777777778,0.10809099366428557
13.5,4.5,0.12932915042631768,0.7685185185185185,0.10843289221124569
13.5,5,0.12955055187938913,0.7685185185185185,0.1084783366859699
13.5,5.5,0.12938132175967204,0.7685185185185185,0.10816725006543061
13.5,6,0.12907535713050325,0.7685185185185185,0.10761333639548044
13.5,6.5,0.12417684688581168,0.7981651376146789,0.10368685414298762
13.5,7,0.12340793193579797,0.7981651376146789,0.1025864047719253
13.5,7.5,0.12255563828082347,0.8165137614678899,0.10128824787493197
13.5,8,0.12157717152110006,0.8165137614678899,0.09989066237011685
13.5,8.5,0.1206492343226794,0.8165137614678899,0.09846045605764038
13.5,9,0.11949703526032743,0.8165137614678899,0.0970354093250491
13.5,9.5,0.12761906392774974,0.8272727272727273,0.10624586774097929
13.5,10,0.12639743626722164,0.8363636363636363,0.10530477581691362
14,0.5,0.1253141315872448,0.7570093457943925,0.10073472585769454
14,1,0.1262454569704271,0.7476635514018691,0.10178397530560598
14,1.5,0.12767535084969958,0.7476635514018691,0.10340066781896025
14,2,0.1293296802731654,0.7476635514018691,0.10530328816791316
14,2.5,0.1310941099827735,0.7476635514018691,0.10729639782873392
14,3,0.13266981205388848,0.7383177570093458,0.10908165077498327
14,3.5,0.13410063276782402,0.7383177570093458,0.11068333897837335
14,4,0.1351249743736184,0.7383177570093458,0.11185210905184474
14,4.5,0.13584370364453016,0.7383177570093458,0.11260301372302696
14,5,0.13245221917304995,0.7592592592592593,0.11057110454250425
14,5.5,0.1322533790614865,0.7592592592592593,0.1102823167393176
14,6,0.1318709363413883,0.7592592592592593,0.10972808759465183
14,6.5,0.13127873884732744,0.7592592592592593,0.1088699356995205
14,7,0.13058723736129405,0.7592592592592593,0.10780439401888751
14,7.5,0.1297562327864272,0.7777777777777778,0.10652759712888554
14,8,0.12879866163704679,0.7870370370370371,0.10509447182032597
14,8.5,0.12310068172218797,0.8165137614678899,0.10057455191337922
14,9,0.13444484500589993,0.7798165137614679,0.11150835889044385
14,9.5,0.13325821472604962,0.7981651376146789,0.10954044670043499
14,10,0.13208512620457097,0.8073394495412844,0.10803972475329353
14.5,0.5,0.12942352226168288,0.7476635514018691,0.1033305419289947
14.5,1,0.13028969111035935,0.7476635514018691,0.10433869820245409
14.5,1.5,0.1315858712638529,0.7476635514018691,0.10592081798891115
14.5,2,0.13308445527952772,0.7476635514018691,0.10778180134729247
14.5,2.5,0.13465799063444017,0.7476635514018691,0.1097168121385529
14.5,3,0.13612867152782998,0.7383177570093458,0.11150920330380229
14.5,3.5,0.1373590026000005,0.7289719626168224,0.11294885097740126
14.5,4,0.1382977902475353,0.7289719626168224,0.11393475671596047
14.5,4.5,0.13891758375191787,0.7289719626168224,0.11471392749326312
14.5,5,0.13918200346667708,0.7289719626168224,0.1149392537452303
14.5,5.5,0.1391953282031273,0.7289719626168224,0.11470118525128857
14.5,6,0.13886264165609175,0.7289719626168224,0.11408431478126153
14.5,6.5,0.13845077504853312,0.7289719626168224,0.11324447544707336
14.5,7,0.13318378818768237,0.75,0.10977151025581416
14.5,7.5,0.1323343154804137,0.7685185185185185,0.10854160686868465
14.5,8,0.1313504619875479,0.7685185185185185,0.10712895671207076
14.5,8.5,0.13037784471750755,0.7685185185185185,0.10572380613268839
14.5,9,0.12928061770057636,0.7777777777777778,0.104362295087153
14.5,9.5,0.13665484401236613,0.7706422018348624,0.11284278728771767
14.5,10,0.13540074299698288,0.7889908256880734,0.110748610335137
15,0.5,0.1340279391088799,0.7264150943396226,0.1061793512163647
15,1,0.13502092724641324,0.7264150943396226,0.10715784294454457
15,1.5,0.13647478520145623,0.7264150943396226,0.10867790267149953
15,2,0.13819718890495902,0.7264150943396226,0.11056702368618701
15,2.5,0.13999560020846047,0.7264150943396226,0.11260978126834721
15,3,0.14178577648553406,0.7264150943396226,0.11466732507713026
15,3.5,0.14323427090338248,0.7264150943396226,0.11639238613794298
15,4,0.14441321201690918,0.7264150943396226,0.1177416474695084
15,4.5,0.14518719860979185,0.7264150943396226,0.11854764120695163
15,5,0.14194369651657834,0.7289719626168224,0.11685139482904647
15,5.5,0.14189519913296256,0.7289719626168224,0.11665901516069693
15,6,0.1415714683903334,0.7289719626168224,0.11606184359228222
15,6.5,0.1410559661383468,0.7289719626168224,0.1151949810127204
15,7,0.14046034159349088,0.7289719626168224,0.114185140957968
15,7.5,0.1396198207004419,0.7289719626168224,0.11296818728590857
15,8,0.1388133721766151,0.7289719626168224,0.11187361262743299
15,8.5,0.13277871695707535,0.7592592592592593,0.1075778487899487
15,9,0.14436872055499417,0.7314814814814815,0.11915388457000574
15,9.5,0.14314257992731036,0.7407407407407407,0.1169459906048801
15,10,0.14177785709646779,0.7592592592592593,0.11455985879036255
