meanOpts,sdOpts,rmse_cc,coverage_cc,mape_cc,rmse_h,coverage_h,mape_h
0.5,0.5,0.17503428475210786,0.5303030303030303,0.1141401149256753,NA,NA,NA
0.5,1,0.1764653276464055,0.5303030303030303,0.11502358158464583,NA,NA,NA
0.5,1.5,0.17823601908034356,0.5303030303030303,0.11591752131943793,NA,NA,NA
0.5,2,0.17943167111249764,0.5378787878787878,0.11648568158937535,NA,NA,NA
0.5,2.5,0.18010810831205726,0.5378787878787878,0.11682315680620092,NA,NA,NA
0.5,3,0.1804990228338345,0.5378787878787878,0.11702294120605437,NA,NA,NA
0.5,3.5,0.18074118842840337,0.5378787878787878,0.11715445635989856,NA,NA,NA
0.5,4,0.18088389520305345,0.5378787878787878,0.11723583017953426,NA,NA,NA
0.5,4.5,0.18099642044141803,0.5303030303030303,0.11730010076611509,NA,NA,NA
0.5,5,0.18106128250589046,0.5303030303030303,0.11734232117215983,NA,NA,NA
0.5,5.5,0.18111409723654262,0.5303030303030303,0.1173821456301472,NA,NA,NA
0.5,6,0.1811505266169756,0.5303030303030303,0.11741278104043112,NA,NA,NA
0.5,6.5,0.181174636249348,0.5303030303030303,0.1174371379081183,NA,NA,NA
0.5,7,0.18120021135290618,0.5303030303030303,0.1174583901711117,NA,NA,NA
0.5,7.5,0.1812146879000101,0.5303030303030303,0.11747503506773384,NA,NA,NA
0.5,8,0.18123807634254205,0.5303030303030303,0.11749039303598632,NA,NA,NA
0.5,8.5,0.1812442530064751,0.5303030303030303,0.11750355254011649,NA,NA,NA
0.5,9,0.18125430341545345,0.5303030303030303,0.11751436410800989,NA,NA,NA
0.5,9.5,0.18126073602968856,0.5303030303030303,0.11752107543859215,NA,NA,NA
0.5,10,0.1812675235766639,0.5303030303030303,0.11752953776788985,NA,NA,NA
1,0.5,0.1647463638719476,0.5267175572519084,0.10885452203258762,NA,NA,NA
1,1,0.16820176315901325,0.5267175572519084,0.11090404325075043,NA,NA,NA
1,1.5,0.1713646486835928,0.5227272727272727,0.1121505268538725,NA,NA,NA
1,2,0.1742523614707385,0.5303030303030303,0.11368798407275191,NA,NA,NA
1,2.5,0.1763416311096599,0.5378787878787878,0.1147388120009653,NA,NA,NA
1,3,0.17776485056512276,0.5378787878787878,0.11544797534311342,NA,NA,NA
1,3.5,0.17871284716089114,0.5378787878787878,0.11592071572629498,NA,NA,NA
1,4,0.17935806621271977,0.5378787878787878,0.11624557141780979,NA,NA,NA
1,4.5,0.17979772190875545,0.5378787878787878,0.11646558817174153,NA,NA,NA
1,5,0.1801283321549915,0.5454545454545454,0.11664638959748388,NA,NA,NA
1,5.5,0.18035148528132156,0.5454545454545454,0.11679115627679927,NA,NA,NA
1,6,0.18052795475011868,0.5378787878787878,0.11690535640563283,NA,NA,NA
1,6.5,0.18066351723809618,0.5378787878787878,0.11699404867041598,NA,NA,NA
1,7,0.18075705852065097,0.5378787878787878,0.1170642538328926,NA,NA,NA
1,7.5,0.18083688570070572,0.5378787878787878,0.11712229688516214,NA,NA,NA
1,8,0.18090455462127486,0.5378787878787878,0.11717202713554498,NA,NA,NA
1,8.5,0.18096865495771533,0.5378787878787878,0.11721326584014607,NA,NA,NA
1,9,0.1810078793710862,0.5303030303030303,0.11724781733473484,NA,NA,NA
1,9.5,0.1810372168689839,0.5303030303030303,0.11727560151374006,NA,NA,NA
1,10,0.181066448155592,0.5303030303030303,0.11730254037959417,NA,NA,NA
1.5,0.5,0.15605496184011858,0.5190839694656488,0.10399879127556244,NA,NA,NA
1.5,1,0.15819014409824345,0.5343511450381679,0.1052056370087687,NA,NA,NA
1.5,1.5,0.1621516425478723,0.5343511450381679,0.10749282620431873,NA,NA,NA
1.5,2,0.16593943081056778,0.5419847328244275,0.10962324143521517,NA,NA,NA
1.5,2.5,0.1704558749529973,0.5227272727272727,0.11130778084918085,NA,NA,NA
1.5,3,0.1731998556590049,0.5378787878787878,0.11273333485536831,NA,NA,NA
1.5,3.5,0.17515940962393886,0.5454545454545454,0.11377195798497444,NA,NA,NA
1.5,4,0.1765873663978931,0.5454545454545454,0.11453662571397355,NA,NA,NA
1.5,4.5,0.17763535449148476,0.5378787878787878,0.11512631140763482,NA,NA,NA
1.5,5,0.17837424058393953,0.5378787878787878,0.11554572664374625,NA,NA,NA
1.5,5.5,0.1789179464871415,0.5378787878787878,0.11585077204648747,NA,NA,NA
1.5,6,0.17935832454937703,0.5378787878787878,0.11610115748083548,NA,NA,NA
1.5,6.5,0.17968465621185714,0.5378787878787878,0.11628128436079727,NA,NA,NA
1.5,7,0.1799324511794599,0.5378787878787878,0.11642810440515627,NA,NA,NA
1.5,7.5,0.18013402122826566,0.5454545454545454,0.1165408955978296,NA,NA,NA
1.5,8,0.18029143115593108,0.5454545454545454,0.11665404388784521,NA,NA,NA
1.5,8.5,0.1804337996824471,0.5454545454545454,0.1167498316441229,NA,NA,NA
1.5,9,0.1805418860857515,0.5454545454545454,0.11683165642836557,NA,NA,NA
1.5,9.5,0.18063906179252484,0.5378787878787878,0.11690546633955204,NA,NA,NA
1.5,10,0.18071133086279167,0.5378787878787878,0.11695934151656721,NA,NA,NA
2,0.5,0.14685834153337793,0.5307692307692308,0.09925406611490505,NA,NA,NA
2,1,0.14879639018025712,0.5461538461538461,0.10039599408609463,NA,NA,NA
2,1.5,0.1518655328758106,0.5384615384615384,0.10224922506669969,NA,NA,NA
2,2,0.15733697101008792,0.5343511450381679,0.10462793756605816,NA,NA,NA
2,2.5,0.16159409702488323,0.5419847328244275,0.10695578250320613,NA,NA,NA
2,3,0.1650921307042087,0.5419847328244275,0.1087863250056288,NA,NA,NA
2,3.5,0.16790008747579227,0.5419847328244275,0.11021221453307434,NA,NA,NA
2,4,0.17256277088134123,0.5454545454545454,0.11201741766379583,NA,NA,NA
2,4.5,0.17435952794438694,0.5454545454545454,0.11301727372102909,NA,NA,NA
2,5,0.17571346350946412,0.5454545454545454,0.11379322572078857,NA,NA,NA
2,5.5,0.17674725246149062,0.5454545454545454,0.11439791220667363,NA,NA,NA
2,6,0.17752398943551417,0.5454545454545454,0.1148622482800145,NA,NA,NA
2,6.5,0.17815091407691758,0.5454545454545454,0.1152334398119344,NA,NA,NA
2,7,0.17863728374037635,0.5378787878787878,0.11553339415745349,NA,NA,NA
2,7.5,0.17904237637815357,0.5378787878787878,0.11577892739659572,NA,NA,NA
2,8,0.1793550268629453,0.5378787878787878,0.11597573530059,NA,NA,NA
2,8.5,0.17961229298947337,0.5378787878787878,0.11613236796882496,NA,NA,NA
2,9,0.17982647990176973,0.5378787878787878,0.1162713108495216,NA,NA,NA
2,9.5,0.1800035339605694,0.5378787878787878,0.11638143130849482,NA,NA,NA
2,10,0.18013911505983485,0.5378787878787878,0.1164705588085826,NA,NA,NA
2.5,0.5,0.137900642046612,0.5384615384615384,0.09426402078119926,NA,NA,NA
2.5,1,0.13986477353907012,0.5461538461538461,0.09533901375503041,NA,NA,NA
2.5,1.5,0.14291048865723527,0.5615384615384615,0.09704111473451263,NA,NA,NA
2.5,2,0.14682404432073679,0.5538461538461539,0.09925976768848022,NA,NA,NA
2.5,2.5,0.15085577132423234,0.5538461538461539,0.10153153467591601,NA,NA,NA
2.5,3,0.15779516590485512,0.549618320610687,0.10445989544172248,NA,NA,NA
2.5,3.5,0.16156570617209312,0.549618320610687,0.10651299147352657,NA,NA,NA
2.5,4,0.16456372753556794,0.549618320610687,0.10810920422943138,NA,NA,NA
2.5,4.5,0.16706731399328656,0.549618320610687,0.10940117465153966,NA,NA,NA
2.5,5,0.17215436363694098,0.5454545454545454,0.11142189363269232,NA,NA,NA
2.5,5.5,0.1737347851162241,0.5454545454545454,0.1123552285664989,NA,NA,NA
2.5,6,0.17502689766348364,0.5454545454545454,0.11314563657770824,NA,NA,NA
2.5,6.5,0.17602995321127932,0.5454545454545454,0.11376627694739683,NA,NA,NA
2.5,7,0.17684376128499152,0.5454545454545454,0.11426672260922922,NA,NA,NA
2.5,7.5,0.17749528261937875,0.5454545454545454,0.11467937080173625,NA,NA,NA
2.5,8,0.17798352349534335,0.5454545454545454,0.11497612327738567,NA,NA,NA
2.5,8.5,0.17845469260518856,0.5454545454545454,0.11527219522327958,NA,NA,NA
2.5,9,0.17879976089765942,0.5378787878787878,0.11550672757922933,NA,NA,NA
2.5,9.5,0.17910969158595988,0.5378787878787878,0.1157087143594458,NA,NA,NA
2.5,10,0.1793398698683884,0.5378787878787878,0.11586515885303368,NA,NA,NA
3,0.5,0.12903114907081215,0.5581395348837209,0.08960756293113241,NA,NA,NA
3,1,0.13079532168445634,0.5658914728682171,0.09064614258013855,NA,NA,NA
3,1.5,0.13330289579555202,0.5736434108527132,0.09214874816699316,NA,NA,NA
3,2,0.13634276221834427,0.5581395348837209,0.0939573923819423,NA,NA,NA
3,2.5,0.142712099378352,0.5615384615384615,0.09675927419357835,NA,NA,NA
3,3,0.14693692071045886,0.5615384615384615,0.09900116411368247,NA,NA,NA
3,3.5,0.15069003025413147,0.5538461538461539,0.10097098743487314,NA,NA,NA
3,4,0.15846202259329814,0.549618320610687,0.10435473013091433,NA,NA,NA
3,4.5,0.16157935056244588,0.549618320610687,0.10609606710974036,NA,NA,NA
3,5,0.16419818252385276,0.549618320610687,0.1075480647124784,NA,NA,NA
3,5.5,0.1663751333119236,0.549618320610687,0.10872815063579763,NA,NA,NA
3,6,0.16809709265079373,0.5572519083969466,0.10964591360783184,NA,NA,NA
3,6.5,0.1732745387993569,0.5378787878787878,0.11179185904299403,NA,NA,NA
3,7,0.17450497904422102,0.5454545454545454,0.11257650811012146,NA,NA,NA
3,7.5,0.17546482602906968,0.5454545454545454,0.11320373904797222,NA,NA,NA
3,8,0.17625267359141422,0.5454545454545454,0.11372146337970912,NA,NA,NA
3,8.5,0.1769051389890447,0.5454545454545454,0.11414174213431608,NA,NA,NA
3,9,0.1774342682043967,0.5454545454545454,0.11450196698678444,NA,NA,NA
3,9.5,0.17791541683536963,0.5454545454545454,0.114821680803478,NA,NA,NA
3,10,0.17831494572563314,0.5454545454545454,0.1150757624857956,NA,NA,NA
3.5,0.5,0.12058372748408301,0.5813953488372093,0.08480972762931795,NA,NA,NA
3.5,1,0.12229592079986583,0.5736434108527132,0.08567368759937657,NA,NA,NA
3.5,1.5,0.1250454491519151,0.5813953488372093,0.0872641506428438,NA,NA,NA
3.5,2,0.12839100335462006,0.5813953488372093,0.089339390355932,NA,NA,NA
3.5,2.5,0.13198886513323532,0.5658914728682171,0.09144598566342868,NA,NA,NA
3.5,3,0.13560138899789795,0.5736434108527132,0.09349514653527068,NA,NA,NA
3.5,3.5,0.1435381277610919,0.5769230769230769,0.09679444712261226,NA,NA,NA
3.5,4,0.14726938317200222,0.5692307692307692,0.0987330996296757,NA,NA,NA
3.5,4.5,0.1507100571515202,0.5692307692307692,0.10053637817401358,NA,NA,NA
3.5,5,0.15348340936640778,0.5692307692307692,0.10207178783274426,NA,NA,NA
3.5,5.5,0.16156756471136294,0.549618320610687,0.10571816949150048,NA,NA,NA
3.5,6,0.16384559337091856,0.5572519083969466,0.10702584315966202,NA,NA,NA
3.5,6.5,0.16580363106281043,0.5572519083969466,0.10813106838422411,NA,NA,NA
3.5,7,0.16747126788281544,0.5572519083969466,0.10906192952606926,NA,NA,NA
3.5,7.5,0.172907067681126,0.5378787878787878,0.11131122545428578,NA,NA,NA
3.5,8,0.1740241242740662,0.5378787878787878,0.1120464352361819,NA,NA,NA
3.5,8.5,0.1749563622671597,0.5378787878787878,0.11267537448807259,NA,NA,NA
3.5,9,0.17573452780362256,0.5378787878787878,0.11320877063796658,NA,NA,NA
3.5,9.5,0.1763881829288688,0.5378787878787878,0.11365119758685079,NA,NA,NA
3.5,10,0.17696257959077114,0.5378787878787878,0.11404351669735052,NA,NA,NA
4,0.5,0.11260613443695937,0.5703125,0.08053097871802944,NA,NA,NA
4,1,0.11414960185491481,0.5703125,0.0814316082615642,NA,NA,NA
4,1.5,0.11637126116558708,0.5859375,0.08277588474795719,NA,NA,NA
4,2,0.11904399535205336,0.59375,0.08450892861100143,NA,NA,NA
4,2.5,0.12452547067536474,0.5813953488372093,0.08703769306703646,NA,NA,NA
4,3,0.1282965515363388,0.5813953488372093,0.08914685596205002,NA,NA,NA
4,3.5,0.13203413263457206,0.5891472868217055,0.09116250689750259,NA,NA,NA
4,4,0.13547398291822438,0.5813953488372093,0.09305288179915944,NA,NA,NA
4,4.5,0.144387229117805,0.5692307692307692,0.09680346109160994,NA,NA,NA
4,5,0.14765236590777747,0.5692307692307692,0.09852769731838719,NA,NA,NA
4,5.5,0.15056077374467666,0.5769230769230769,0.1000773357776117,NA,NA,NA
4,6,0.15307776665107467,0.5692307692307692,0.10151000397587347,NA,NA,NA
4,6.5,0.16149688068386567,0.5572519083969466,0.10537611504357391,NA,NA,NA
4,7,0.1635266514590018,0.5572519083969466,0.10655142934776002,NA,NA,NA
4,7.5,0.1653086995355451,0.5572519083969466,0.10760753742266445,NA,NA,NA
4,8,0.16686999239784736,0.5572519083969466,0.10849755409925063,NA,NA,NA
4,8.5,0.16813599775619928,0.5572519083969466,0.1092453990341262,NA,NA,NA
4,9,0.1736649041113764,0.5378787878787878,0.11161553953081993,NA,NA,NA
4,9.5,0.1745622400227119,0.5378787878787878,0.11223788077945726,NA,NA,NA
4,10,0.17530692599536177,0.5378787878787878,0.11274796140238529,NA,NA,NA
4.5,0.5,0.10525105085508064,0.6015625,0.0763468698743431,NA,NA,NA
4.5,1,0.10676223437107871,0.59375,0.07718837816452075,NA,NA,NA
4.5,1.5,0.10911522882497719,0.6171875,0.07852065962419963,NA,NA,NA
4.5,2,0.1120293833306524,0.6171875,0.08040429232436432,NA,NA,NA
4.5,2.5,0.11505884105741565,0.6015625,0.08226687177811798,NA,NA,NA
4.5,3,0.11810278022241615,0.609375,0.08405047236190709,NA,NA,NA
4.5,3.5,0.12098051611893922,0.6015625,0.0856523021625729,NA,NA,NA
4.5,4,0.128889273543295,0.5891472868217055,0.08908594559581144,NA,NA,NA
4.5,4.5,0.13235734476297686,0.5891472868217055,0.09091418973733092,NA,NA,NA
4.5,5,0.13540987913919308,0.5813953488372093,0.09259013973558042,NA,NA,NA
4.5,5.5,0.13823197534060014,0.5736434108527132,0.09405806874567266,NA,NA,NA
4.5,6,0.14785688521853138,0.5769230769230769,0.09830113882279871,NA,NA,NA
4.5,6.5,0.15051279774180043,0.5769230769230769,0.09974974553226973,NA,NA,NA
4.5,7,0.15276732302778379,0.5769230769230769,0.1010484760480595,NA,NA,NA
4.5,7.5,0.16148194109553857,0.549618320610687,0.10510421773090474,NA,NA,NA
4.5,8,0.16329548865979437,0.5419847328244275,0.10618555016501571,NA,NA,NA
4.5,8.5,0.16492093132420996,0.5572519083969466,0.10714890343747625,NA,NA,NA
4.5,9,0.16631968473610884,0.5572519083969466,0.10799598983322244,NA,NA,NA
4.5,9.5,0.1675544652454759,0.5572519083969466,0.10871537048230724,NA,NA,NA
4.5,10,0.17331785863974933,0.5378787878787878,0.11120769080921053,NA,NA,NA
5,0.5,0.0987968014786172,0.6220472440944882,0.07308406991160118,NA,NA,NA
5,1,0.10015000020481436,0.6299212598425197,0.07384984512084121,NA,NA,NA
5,1.5,0.10215557277160435,0.6377952755905512,0.07497347739091159,NA,NA,NA
5,2,0.10445775789595346,0.6377952755905512,0.07648607108170367,NA,NA,NA
5,2.5,0.10680387147253996,0.6377952755905512,0.07809551696004087,NA,NA,NA
5,3,0.11181688774809548,0.625,0.08040099095005325,NA,NA,NA
5,3.5,0.11491513919769339,0.625,0.08210947492823849,NA,NA,NA
5,4,0.11800163999059644,0.609375,0.08378299357422342,NA,NA,NA
5,4.5,0.12063093095351571,0.6015625,0.08521623018943876,NA,NA,NA
5,5,0.12961845149787182,0.5891472868217055,0.08908678641282171,NA,NA,NA
5,5.5,0.13266772423692164,0.5891472868217055,0.09069228254575712,NA,NA,NA
5,6,0.13540651077172938,0.5813953488372093,0.09218382142657361,NA,NA,NA
5,6.5,0.13805747929829743,0.5813953488372093,0.09361461194289468,NA,NA,NA
5,7,0.1481300717481264,0.5692307692307692,0.09817112828224192,NA,NA,NA
5,7.5,0.15040444624908647,0.5692307692307692,0.09941478710649553,NA,NA,NA
5,8,0.1525327116366164,0.5692307692307692,0.10067389169946621,NA,NA,NA
5,8.5,0.15439741664461823,0.5615384615384615,0.1017618760140509,NA,NA,NA
5,9,0.16308951620544718,0.5419847328244275,0.10586252174946577,NA,NA,NA
5,9.5,0.16460200875059536,0.549618320610687,0.10677299800756385,NA,NA,NA
5,10,0.16590142272084266,0.549618320610687,0.10755102610794351,NA,NA,NA
5.5,0.5,0.09645189033892497,0.640625,0.07173412128195393,NA,NA,NA
5.5,1,0.09777678705929117,0.640625,0.07252359413855262,NA,NA,NA
5.5,1.5,0.09980182607033757,0.6328125,0.07378346636297482,NA,NA,NA
5.5,2,0.10230980789429427,0.65625,0.0753168499628343,NA,NA,NA
5.5,2.5,0.10137863987910439,0.6535433070866141,0.07470625571726607,NA,NA,NA
5.5,3,0.1037839093656224,0.6456692913385826,0.07621119052959949,NA,NA,NA
5.5,3.5,0.1060511943167578,0.6535433070866141,0.07763633331956428,NA,NA,NA
5.5,4,0.10817022164316961,0.6456692913385826,0.07890537589258213,NA,NA,NA
5.5,4.5,0.11514004949323442,0.6171875,0.08195708883757429,NA,NA,NA
5.5,5,0.11781839075838944,0.6015625,0.08340732475156626,NA,NA,NA
5.5,5.5,0.12045524404520852,0.6015625,0.08482477334052947,NA,NA,NA
5.5,6,0.12286294144467708,0.609375,0.08606637680376417,NA,NA,NA
5.5,6.5,0.13294618857307655,0.5968992248062015,0.09050141481207845,NA,NA,NA
5.5,7,0.1354275768329808,0.5813953488372093,0.09189502730126972,NA,NA,NA
5.5,7.5,0.1378439918046253,0.5813953488372093,0.093230240044331,NA,NA,NA
5.5,8,0.14825325807741688,0.5615384615384615,0.09798431975069191,NA,NA,NA
5.5,8.5,0.15036003332329,0.5615384615384615,0.09915849967759682,NA,NA,NA
5.5,9,0.15228380327747926,0.5692307692307692,0.10032123896066918,NA,NA,NA
5.5,9.5,0.15399624987919094,0.5692307692307692,0.10134168228015517,NA,NA,NA
5.5,10,0.16287752677427883,0.5343511450381679,0.1055378403606828,NA,NA,NA
6,0.5,0.09165483003567741,0.7559055118110236,0.06865763269720614,NA,NA,NA
6,1,0.09280785624003728,0.7637795275590551,0.06941607509528254,NA,NA,NA
6,1.5,0.09452075972019854,0.7401574803149606,0.07050524729272464,NA,NA,NA
6,2,0.0964597970716756,0.7244094488188977,0.07181141432510693,NA,NA,NA
6,2.5,0.09840504262641529,0.6929133858267716,0.07327905149135025,NA,NA,NA
6,3,0.1001810543142177,0.6850393700787402,0.07461215159569347,NA,NA,NA
6,3.5,0.10488951188127704,0.6640625,0.07698301443871321,NA,NA,NA
6,4,0.10344765303909031,0.6692913385826772,0.07593818626617918,NA,NA,NA
6,4.5,0.10546606979721526,0.6614173228346457,0.07709977206572198,NA,NA,NA
6,5,0.10752966857206464,0.6535433070866141,0.07826920051915182,NA,NA,NA
6,5.5,0.11538855463237253,0.625,0.08181233850612055,NA,NA,NA
6,6,0.11797359545574858,0.6171875,0.08322165825549027,NA,NA,NA
6,6.5,0.1204247407641653,0.6171875,0.0845212483036367,NA,NA,NA
6,7,0.12262065925669406,0.6171875,0.08564787225596654,NA,NA,NA
6,7.5,0.13326816159972676,0.5813953488372093,0.09044151122356234,NA,NA,NA
6,8,0.1354838638746726,0.5813953488372093,0.09168717629486307,NA,NA,NA
6,8.5,0.13768277247562585,0.5736434108527132,0.0929044156068778,NA,NA,NA
6,9,0.14836471105449378,0.5615384615384615,0.09783175319384287,NA,NA,NA
6,9.5,0.15034655484088497,0.5615384615384615,0.09895850892867278,NA,NA,NA
6,10,0.1520875511809497,0.5615384615384615,0.10000894767367036,NA,NA,NA
6.5,0.5,0.08806884105453311,0.8188976377952756,0.0655043320833764,NA,NA,NA
6.5,1,0.08910626670724756,0.8188976377952756,0.06624818505651504,NA,NA,NA
6.5,1.5,0.09073554709361852,0.8188976377952756,0.06741293848941686,NA,NA,NA
6.5,2,0.0926274427348217,0.7952755905511811,0.06873047885576208,NA,NA,NA
6.5,2.5,0.09457741883047484,0.7874015748031497,0.07019706305092041,NA,NA,NA
6.5,3,0.09638830330468863,0.7559055118110236,0.07167846287754984,NA,NA,NA
6.5,3.5,0.09799243091840525,0.7401574803149606,0.07290928469263078,NA,NA,NA
6.5,4,0.0994556206702492,0.7244094488188977,0.07399292370718867,NA,NA,NA
6.5,4.5,0.10500825143291338,0.671875,0.07684666130884302,NA,NA,NA
6.5,5,0.10728759436355884,0.6640625,0.07807627201077473,NA,NA,NA
6.5,5.5,0.10511709534545595,0.6614173228346457,0.07664000496059743,NA,NA,NA
6.5,6,0.10701522934270856,0.6535433070866141,0.07778301673845693,NA,NA,NA
6.5,6.5,0.10885184199994581,0.6535433070866141,0.07877802690148986,NA,NA,NA
6.5,7,0.11810872173083228,0.625,0.08302822737788161,NA,NA,NA
6.5,7.5,0.12033976510214041,0.6171875,0.08422076236682133,NA,NA,NA
6.5,8,0.12253675298080406,0.6171875,0.08534867581768546,NA,NA,NA
6.5,8.5,0.13341668077929011,0.5736434108527132,0.0902884765480088,NA,NA,NA
6.5,9,0.13564554375065777,0.5736434108527132,0.09155410908296524,NA,NA,NA
6.5,9.5,0.1376089172299532,0.5658914728682171,0.09268029340729812,NA,NA,NA
6.5,10,0.13943157824144697,0.5581395348837209,0.09370737496819469,NA,NA,NA
7,0.5,0.08641539906496999,0.8412698412698413,0.06307688100546388,NA,NA,NA
7,1,0.0874547839545023,0.8412698412698413,0.06377028902771945,NA,NA,NA
7,1.5,0.08891694711930564,0.8333333333333334,0.0647886190248252,NA,NA,NA
7,2,0.09053333164757837,0.8174603174603174,0.06597416359262787,NA,NA,NA
7,2.5,0.09200251937243335,0.8095238095238095,0.06712496728780137,NA,NA,NA
7,3,0.09317883407700042,0.8015873015873016,0.06819032984213828,NA,NA,NA
7,3.5,0.0946845245973117,0.7795275590551181,0.07009890501658798,NA,NA,NA
7,4,0.09616930147101496,0.7795275590551181,0.0714240903813575,NA,NA,NA
7,4.5,0.09748299765729534,0.7480314960629921,0.07246409147090263,NA,NA,NA
7,5,0.09874705824283041,0.7401574803149606,0.07341799562269731,NA,NA,NA
7,5.5,0.10001645860006252,0.7244094488188977,0.07432863201666501,NA,NA,NA
7,6,0.10732122134218552,0.671875,0.07786271990580937,NA,NA,NA
7,6.5,0.1093543395887731,0.65625,0.0790442572233696,NA,NA,NA
7,7,0.10671270179560087,0.6614173228346457,0.07742833009443753,NA,NA,NA
7,7.5,0.108465369529371,0.6535433070866141,0.07834241357248246,NA,NA,NA
7,8,0.1183177251780049,0.625,0.08289063564853767,NA,NA,NA
7,8.5,0.12038037486613215,0.609375,0.0840061720357291,NA,NA,NA
7,9,0.12247515453645429,0.6171875,0.08510147579317308,NA,NA,NA
7,9.5,0.13361155655350443,0.5736434108527132,0.09020042112332537,NA,NA,NA
7,10,0.13566696109557974,0.5736434108527132,0.09137255971704983,NA,NA,NA
7.5,0.5,0.08608514183162572,0.8333333333333334,0.06117299186836591,NA,NA,NA
7.5,1,0.08690613432220792,0.8333333333333334,0.06169540094174732,NA,NA,NA
7.5,1.5,0.0881266454940396,0.8253968253968254,0.06262693332789976,NA,NA,NA
7.5,2,0.0894955946606085,0.8174603174603174,0.06368555696233655,NA,NA,NA
7.5,2.5,0.09077018486044901,0.8174603174603174,0.06482141194380726,NA,NA,NA
7.5,3,0.09177811539952074,0.8095238095238095,0.06585217480211217,NA,NA,NA
7.5,3.5,0.09252071580571962,0.8174603174603174,0.06684544688695208,NA,NA,NA
7.5,4,0.09296487175519161,0.8174603174603174,0.0676459713878237,NA,NA,NA
7.5,4.5,0.09328125298575593,0.8095238095238095,0.06830944193921505,NA,NA,NA
7.5,5,0.09573205299702746,0.7874015748031497,0.07106816901427793,NA,NA,NA
7.5,5.5,0.0968571670016792,0.7559055118110236,0.07191788486266461,NA,NA,NA
7.5,6,0.09808705616012646,0.7480314960629921,0.07288478424163854,NA,NA,NA
7.5,6.5,0.09930687781643381,0.7244094488188977,0.07371817979894084,NA,NA,NA
7.5,7,0.10750368190328811,0.6875,0.07781147417010009,NA,NA,NA
7.5,7.5,0.10934433784340984,0.6640625,0.07887346603399431,NA,NA,NA
7.5,8,0.11126951089829767,0.6640625,0.07992930389362604,NA,NA,NA
7.5,8.5,0.1130372409557768,0.65625,0.08084056052580815,NA,NA,NA
7.5,9,0.11848291146082256,0.6171875,0.08278911493632403,NA,NA,NA
7.5,9.5,0.1205088325429654,0.6015625,0.08390589231825178,NA,NA,NA
7.5,10,0.1224149983302693,0.59375,0.0849189993805013,NA,NA,NA
8,0.5,0.08795080104838758,0.832,0.0626455493933443,NA,NA,NA
8,1,0.08891735520499582,0.832,0.06309669623603889,NA,NA,NA
8,1.5,0.09022735195774002,0.816,0.06369500281979255,NA,NA,NA
8,2,0.09162798646422178,0.808,0.06441236780304488,NA,NA,NA
8,2.5,0.09277155852267975,0.808,0.06502379758144032,NA,NA,NA
8,3,0.09345718756575676,0.8,0.06535326578117018,NA,NA,NA
8,3.5,0.09150829703796409,0.8174603174603174,0.06473024384798548,NA,NA,NA
8,4,0.09180458818194821,0.8095238095238095,0.06552026188472969,NA,NA,NA
8,4.5,0.09197607382875549,0.8174603174603174,0.06631094280835799,NA,NA,NA
8,5,0.09208386926023926,0.8015873015873016,0.06696805368681355,NA,NA,NA
8,5.5,0.09223418950277747,0.8174603174603174,0.0675358341703473,NA,NA,NA
8,6,0.0924562405853469,0.8095238095238095,0.06811261101812999,NA,NA,NA
8,6.5,0.09638693519846664,0.7559055118110236,0.07155103683831011,NA,NA,NA
8,7,0.09757680405219937,0.7559055118110236,0.07244892498104483,NA,NA,NA
8,7.5,0.0988778742279747,0.7401574803149606,0.07329512059018665,NA,NA,NA
8,8,0.10009720801679621,0.7007874015748031,0.07400454218355304,NA,NA,NA
8,8.5,0.10943952521272925,0.671875,0.07876707840469291,NA,NA,NA
8,9,0.1113081602310335,0.65625,0.07976403171826896,NA,NA,NA
8,9.5,0.11304993529433818,0.6484375,0.08064190466547445,NA,NA,NA
8,10,0.11873301149339645,0.6171875,0.0827965219196982,NA,NA,NA
8.5,0.5,0.09089322592184741,0.84,0.06506480041914499,NA,NA,NA
8.5,1,0.09156002761485167,0.832,0.0653907244754246,NA,NA,NA
8.5,1.5,0.09254078834885558,0.824,0.06588312927950449,NA,NA,NA
8.5,2,0.0934871735430468,0.8,0.06626392740655632,NA,NA,NA
8.5,2.5,0.09424680824520498,0.808,0.06661697420522007,NA,NA,NA
8.5,3,0.09462609132666586,0.8,0.06676937188376011,NA,NA,NA
8.5,3.5,0.09456218298104713,0.8,0.06661525752376507,NA,NA,NA
8.5,4,0.09411134466221689,0.792,0.06611699109706104,NA,NA,NA
8.5,4.5,0.09344134448158897,0.8,0.06538988963346737,NA,NA,NA
8.5,5,0.09264975642924815,0.808,0.06462832757645205,NA,NA,NA
8.5,5.5,0.09096728283397601,0.8174603174603174,0.06568164323242764,NA,NA,NA
8.5,6,0.09102690370889277,0.8095238095238095,0.06627953239031824,NA,NA,NA
8.5,6.5,0.0911835358594706,0.8095238095238095,0.06688243490887663,NA,NA,NA
8.5,7,0.0914059822697127,0.8174603174603174,0.06747060387706377,NA,NA,NA
8.5,7.5,0.09606472494992419,0.7637795275590551,0.07128813789709493,NA,NA,NA
8.5,8,0.09726265231543041,0.7480314960629921,0.07215339733274681,NA,NA,NA
8.5,8.5,0.09853633499697853,0.7322834645669292,0.07298031123085282,NA,NA,NA
8.5,9,0.099759337659393807,0.6850393700787402,0.07370450184758298,NA,NA,NA
8.5,9.5,0.10960730815616739,0.671875,0.07870937953933071,NA,NA,NA
8.5,10,0.11135834292224858,0.65625,0.07963069758830013,NA,NA,NA
9,0.5,0.09760177811503874,0.832,0.07072959875797903,NA,NA,NA
9,1,0.0984686019279566,0.808,0.07116395544507674,NA,NA,NA
9,1.5,0.09968151035426757,0.824,0.07191290697309329,NA,NA,NA
9,2,0.10089649233297028,0.816,0.07280168677161343,NA,NA,NA
9,2.5,0.10178404353938295,0.816,0.0735129155002594,NA,NA,NA
9,3,0.10208992823521587,0.808,0.07387024434560048,NA,NA,NA
9,3.5,0.10191629069073073,0.808,0.07392462302004432,NA,NA,NA
9,4,0.09518369931121776,0.8,0.06780140113957987,NA,NA,NA
9,4.5,0.09428113163594871,0.8,0.06691942554304843,NA,NA,NA
9,5,0.09326779267611479,0.808,0.06588502119243483,NA,NA,NA
9,5.5,0.09223888287794206,0.808,0.06483889786435117,NA,NA,NA
9,6,0.0912971824818476,0.816,0.06384199707040306,NA,NA,NA
9,6.5,0.08996183729768528,0.8095238095238095,0.06518444781060821,NA,NA,NA
9,7,0.09006708134131117,0.8174603174603174,0.06578823067548803,NA,NA,NA
9,7.5,0.09031944481917552,0.8174603174603174,0.06645091288807821,NA,NA,NA
9,8,0.09058576812637006,0.8174603174603174,0.06699698472776018,NA,NA,NA
9,8.5,0.09103460983838157,0.8095238095238095,0.06756913850920701,NA,NA,NA
9,9,0.09706918447257944,0.7480314960629921,0.07198427925730132,NA,NA,NA
9,9.5,0.0983122732397244,0.7322834645669292,0.07276635170353142,NA,NA,NA
9,10,0.09958232677914457,0.7007874015748031,0.07354709061993585,NA,NA,NA
9.5,0.5,0.10289659660874785,0.832,0.07474857454157631,NA,NA,NA
9.5,1,0.10341309263872643,0.824,0.07510418095094545,NA,NA,NA
9.5,1.5,0.10414230866566468,0.808,0.07563792654354733,NA,NA,NA
9.5,2,0.10484771230570072,0.8,0.07615013684451905,NA,NA,NA
9.5,2.5,0.10525845536208385,0.8,0.07654951971399332,NA,NA,NA
9.5,3,0.1052493906671024,0.8,0.07672367455462513,NA,NA,NA
9.5,3.5,0.10467275724080556,0.8,0.07646617643254006,NA,NA,NA
9.5,4,0.10367486119482841,0.8,0.07584512723000301,NA,NA,NA
9.5,4.5,0.1023303609150028,0.792,0.07492807509094866,NA,NA,NA
9.5,5,0.10086119381374976,0.8,0.07379836171867102,NA,NA,NA
9.5,5.5,0.09298005886297518,0.808,0.06640067041130383,NA,NA,NA
9.5,6,0.09183424279335066,0.816,0.06518204306729261,NA,NA,NA
9.5,6.5,0.09079427620374081,0.816,0.06405036305232889,NA,NA,NA
9.5,7,0.08992276645417523,0.824,0.06296811889465327,NA,NA,NA
9.5,7.5,0.08917236591252775,0.824,0.06245002967347166,NA,NA,NA
9.5,8,0.08930995336891129,0.8174603174603174,0.06546706795395504,NA,NA,NA
9.5,8.5,0.08956495502343116,0.8174603174603174,0.06606429289456922,NA,NA,NA
9.5,9,0.08997287241718482,0.8174603174603174,0.06665595022317033,NA,NA,NA
9.5,9.5,0.09047568658792914,0.8095238095238095,0.06722474779330004,NA,NA,NA
9.5,10,0.09697784668018106,0.7401574803149606,0.07188681810327763,NA,NA,NA
10,0.5,0.11013659680563653,0.782258064516129,0.07997345926109461,NA,NA,NA
10,1,0.11116434612389678,0.7741935483870968,0.0807197742085676,NA,NA,NA
10,1.5,0.11247102714903494,0.7661290322580645,0.08170000131079228,NA,NA,NA
10,2,0.11369170273189243,0.75,0.08268790509319791,NA,NA,NA
10,2.5,0.1145708045881821,0.7419354838709677,0.08355631398663486,NA,NA,NA
10,3,0.11480199310146137,0.7338709677419355,0.08402926517227723,NA,NA,NA
10,3.5,0.1143742599043337,0.7419354838709677,0.08404571380659374,NA,NA,NA
10,4,0.10640790405695721,0.768,0.07834853440876358,NA,NA,NA
10,4.5,0.10480424018686361,0.776,0.07731652530872486,NA,NA,NA
10,5,0.10303604704191903,0.784,0.07600929150016589,NA,NA,NA
10,5.5,0.10124633040002459,0.784,0.07465022133856213,NA,NA,NA
10,6,0.09953758746565011,0.816,0.07321659607192407,NA,NA,NA
10,6.5,0.09790782654053193,0.808,0.07178955737648479,NA,NA,NA
10,7,0.09034576067057391,0.824,0.06427926595471087,NA,NA,NA
10,7.5,0.08942295968541178,0.816,0.06313546136286378,NA,NA,NA
10,8,0.08870318754030787,0.824,0.062148418465116546,NA,NA,NA
10,8.5,0.08812453644900282,0.816,0.06189800918006549,NA,NA,NA
10,9,0.08870543180543264,0.8174603174603174,0.06522609394872701,NA,NA,NA
10,9.5,0.08903248698822074,0.8174603174603174,0.06580159182294643,NA,NA,NA
10,10,0.08953628029393786,0.8174603174603174,0.06641035783554528,NA,NA,NA
10.5,0.5,0.11717707499609345,0.6935483870967742,0.08494278125231333,NA,NA,NA
10.5,1,0.1178392598071326,0.7016129032258065,0.08539868144640353,NA,NA,NA
10.5,1.5,0.1186075168486251,0.7016129032258065,0.08597627366328181,NA,NA,NA
10.5,2,0.11932502745667611,0.6774193548387096,0.08669593338133333,NA,NA,NA
10.5,2.5,0.11966272447131421,0.6693548387096774,0.08725701932214587,NA,NA,NA
10.5,3,0.11939950041639873,0.6935483870967742,0.08739525513880438,NA,NA,NA
10.5,3.5,0.11866851476962964,0.6935483870967742,0.08716776222924301,NA,NA,NA
10.5,4,0.11723081271807402,0.7016129032258065,0.08647412536437614,NA,NA,NA
10.5,4.5,0.11536910228264147,0.717741935483871,0.08541247148654235,NA,NA,NA
10.5,5,0.113322225976711,0.7096774193548387,0.0841569576892761,NA,NA,NA
10.5,5.5,0.11112333737321735,0.7661290322580645,0.08272190656131019,NA,NA,NA
10.5,6,0.10155286980765639,0.784,0.07543912678399949,NA,NA,NA
10.5,6.5,0.09976042092196856,0.8,0.07399180833931748,NA,NA,NA
10.5,7,0.09807535224264748,0.792,0.07245973426645477,NA,NA,NA
10.5,7.5,0.09649950519696755,0.808,0.07093549430080558,NA,NA,NA
10.5,8,0.09512748296468553,0.816,0.06952863593056346,NA,NA,NA
10.5,8.5,0.08832306101237794,0.816,0.06230011825241245,NA,NA,NA
10.5,9,0.08765128531554023,0.824,0.061379937076625396,NA,NA,NA
10.5,9.5,0.08717891629576376,0.816,0.06144426566203792,NA,NA,NA
10.5,10,0.08690383967535315,0.808,0.061763240157451604,NA,NA,NA
11,0.5,0.12393319577004092,0.6666666666666666,0.08907502235565669,NA,NA,NA
11,1,0.12503014982865154,0.6422764227642277,0.08975631018567042,NA,NA,NA
11,1.5,0.12649029884455879,0.6341463414634146,0.09067503653313373,NA,NA,NA
11,2,0.12790007095890446,0.6422764227642277,0.09171310494378376,NA,NA,NA
11,2.5,0.12878744939344305,0.6260162601626016,0.09254786058703443,NA,NA,NA
11,3,0.1290870634879848,0.6260162601626016,0.09308513945584873,NA,NA,NA
11,3.5,0.1284639653316562,0.6341463414634146,0.09306128482096479,NA,NA,NA
11,4,0.12718292021301916,0.6422764227642277,0.09257235814479368,NA,NA,NA
11,4.5,0.11916700463922893,0.6774193548387096,0.08828706043041763,NA,NA,NA
11,5,0.11681492956580754,0.6774193548387096,0.08684492311697435,NA,NA,NA
11,5.5,0.11436191226927479,0.717741935483871,0.08519225759390199,NA,NA,NA
11,6,0.11198926862548175,0.7338709677419355,0.08357248117935402,NA,NA,NA
11,6.5,0.10962494148517399,0.7741935483870968,0.08195063935222338,NA,NA,NA
11,7,0.10749286894688734,0.7741935483870968,0.08040232844158095,NA,NA,NA
11,7.5,0.09814688552158853,0.792,0.07299951130783418,NA,NA,NA
11,8,0.09665151368143185,0.784,0.071524360761454,NA,NA,NA
11,8.5,0.0952228735449053,0.8,0.07007698428230656,NA,NA,NA
11,9,0.09400225454173368,0.816,0.06872743801678063,NA,NA,NA
11,9.5,0.08729460729999648,0.816,0.06149757292709305,NA,NA,NA
11,10,0.08682486155170735,0.824,0.06095330599267135,NA,NA,NA
11.5,0.5,0.1317722595481193,0.6260162601626016,0.0949660895415303,NA,NA,NA
11.5,1,0.13253286874716258,0.6260162601626016,0.09540833549040972,NA,NA,NA
11.5,1.5,0.13349890362367575,0.6178861788617886,0.09601498528930903,NA,NA,NA
11.5,2,0.13429702712079356,0.6097560975609756,0.09656938070163383,NA,NA,NA
11.5,2.5,0.13480611860014563,0.6178861788617886,0.09703738246928995,NA,NA,NA
11.5,3,0.13451249912839075,0.6178861788617886,0.09702699854924256,NA,NA,NA
11.5,3.5,0.13356581693250955,0.6097560975609756,0.09667044752016818,NA,NA,NA
11.5,4,0.13197290279265006,0.6097560975609756,0.09588064621093721,NA,NA,NA
11.5,4.5,0.12997089161101455,0.6260162601626016,0.09487663263130178,NA,NA,NA
11.5,5,0.12752411915880305,0.6341463414634146,0.09351944990773392,NA,NA,NA
11.5,5.5,0.12495588659756067,0.6422764227642277,0.091959800532948055,NA,NA,NA
11.5,6,0.11518455629265459,0.6854838709677419,0.08616504575368329,NA,NA,NA
11.5,6.5,0.11268104987680083,0.7096774193548387,0.08441536093070155,NA,NA,NA
11.5,7,0.1103208234792178,0.7258064516129032,0.08268063401341169,NA,NA,NA
11.5,7.5,0.10799896137780342,0.7741935483870968,0.08098260826794965,NA,NA,NA
11.5,8,0.1060258995943209,0.7741935483870968,0.07942800399573262,NA,NA,NA
11.5,8.5,0.09672392891074075,0.792,0.072024812002768,NA,NA,NA
11.5,9,0.09528772183368843,0.784,0.07052217318726815,NA,NA,NA
11.5,9.5,0.09406591266073235,0.8,0.06917371564143471,NA,NA,NA
11.5,10,0.09296670533057318,0.816,0.06788794339790191,NA,NA,NA
12,0.5,0.13919680887720326,0.6147540983606558,0.09982044622297556,NA,NA,NA
12,1,0.14043306356151852,0.6065573770491803,0.10058623011155543,NA,NA,NA
12,1.5,0.14203688113969876,0.5983606557377049,0.10159742131478208,NA,NA,NA
12,2,0.14366026181167432,0.5901639344262295,0.1027021350531879,NA,NA,NA
12,2.5,0.14473873768158615,0.5901639344262295,0.10355576376088309,NA,NA,NA
12,3,0.14508281318754512,0.5901639344262295,0.10402811176434353,NA,NA,NA
12,3.5,0.144593055981803,0.5819672131147541,0.10406337536128264,NA,NA,NA
12,4,0.14322170675488097,0.5819672131147541,0.10352803567406484,NA,NA,NA
12,4.5,0.13445882706912923,0.6097560975609756,0.09814913749636181,NA,NA,NA
12,5,0.13178638086895156,0.6097560975609756,0.09656081691065052,NA,NA,NA
12,5.5,0.1290368010876266,0.6178861788617886,0.09489126299404435,NA,NA,NA
12,6,0.12613051701046157,0.6260162601626016,0.09304057112992749,NA,NA,NA
12,6.5,0.12337943775191852,0.6341463414634146,0.09122760982791012,NA,NA,NA
12,7,0.12078724202178069,0.6422764227642277,0.08944442919786763,NA,NA,NA
12,7.5,0.11086218275799377,0.7096774193548387,0.08333368308906601,NA,NA,NA
12,8,0.10860356952180708,0.7338709677419355,0.08160034638635898,NA,NA,NA
12,8.5,0.10651298409261035,0.7661290322580645,0.07999918571708747,NA,NA,NA
12,9,0.10457056332439449,0.7741935483870968,0.07841256791698312,NA,NA,NA
12,9.5,0.10289151871929661,0.782258064516129,0.0769292399454826,NA,NA,NA
12,10,0.09417138111321978,0.784,0.0696240808498463,NA,NA,NA
12.5,0.5,0.14731400402240916,0.5737704918032787,0.10580415886400016,NA,NA,NA
12.5,1,0.14819924271052487,0.5655737704918032,0.1063568892865953,NA,NA,NA
12.5,1.5,0.14937649803700107,0.5655737704918032,0.1071283016308273,NA,NA,NA
12.5,2,0.15037303995988255,0.5655737704918032,0.10783211709687213,NA,NA,NA
12.5,2.5,0.1510076428242508,0.5737704918032787,0.10832991779362625,NA,NA,NA
12.5,3,0.15097238138573013,0.5655737704918032,0.10843210629429458,NA,NA,NA
12.5,3.5,0.15013472705576478,0.5655737704918032,0.10811092157609466,NA,NA,NA
12.5,4,0.14853828312947218,0.5737704918032787,0.10729880887098937,NA,NA,NA
12.5,4.5,0.14625448193220916,0.5819672131147541,0.1061681551463074,NA,NA,NA
12.5,5,0.14374153322920216,0.5819672131147541,0.10484902719758188,NA,NA,NA
12.5,5.5,0.14085872469412666,0.5819672131147541,0.10319011767603847,NA,NA,NA
12.5,6,0.13801917864861157,0.5901639344262295,0.10145968577478588,NA,NA,NA
12.5,6.5,0.1271973039856815,0.6178861788617886,0.09406611977685028,NA,NA,NA
12.5,7,0.12433560457698771,0.6341463414634146,0.09215888648602366,NA,NA,NA
12.5,7.5,0.12165373892860992,0.6341463414634146,0.09029516368816455,NA,NA,NA
12.5,8,0.11921062836255648,0.6422764227642277,0.08851185182725502,NA,NA,NA
12.5,8.5,0.11680410894762862,0.6585365853658537,0.08676692430517766,NA,NA,NA
12.5,9,0.10705189894190371,0.7419354838709677,0.08060303685621684,NA,NA,NA
12.5,9.5,0.10515289461218716,0.7661290322580645,0.07905787112071315,NA,NA,NA
12.5,10,0.10336232134546873,0.7661290322580645,0.07751262846359507,NA,NA,NA
13,0.5,0.1549545346421143,0.5702479338842975,0.11050914751205608,NA,NA,NA
13,1,0.15628905391431758,0.5537190082644629,0.11140347569183083,NA,NA,NA
13,1.5,0.1580997925921712,0.5619834710743802,0.11263634757526016,NA,NA,NA
13,2,0.15994093572435122,0.5702479338842975,0.11394182044438653,NA,NA,NA
13,2.5,0.16123926554982307,0.5702479338842975,0.11495554719570833,NA,NA,NA
13,3,0.16169922262856545,0.5619834710743802,0.11559300932324526,NA,NA,NA
13,3.5,0.16123885372110416,0.5619834710743802,0.1157045920892027,NA,NA,NA
13,4,0.15999508964066447,0.5619834710743802,0.11533159639850092,NA,NA,NA
13,4.5,0.1511414339529188,0.5491803278688525,0.10976945334382647,NA,NA,NA
13,5,0.14835871379439422,0.5819672131147541,0.1081708899931705,NA,NA,NA
13,5.5,0.14544219124679322,0.5819672131147541,0.10649852285997757,NA,NA,NA
13,6,0.14240292170377777,0.5737704918032787,0.10465706767436175,NA,NA,NA
13,6.5,0.13935422937597292,0.5901639344262295,0.10274424047210629,NA,NA,NA
13,7,0.13650843384696018,0.5983606557377049,0.10088239021817788,NA,NA,NA
13,7.5,0.13363921737394605,0.6065573770491803,0.09890931606457154,NA,NA,NA
13,8,0.12240282612827612,0.6422764227642277,0.0909800343866557,NA,NA,NA
13,8.5,0.1198874420699831,0.6341463414634146,0.08915217212903273,NA,NA,NA
13,9,0.1175837791148077,0.6504065040650406,0.08743016567801233,NA,NA,NA
13,9.5,0.11541958708595546,0.6666666666666666,0.0858054889310705,NA,NA,NA
13,10,0.11330781445836775,0.6829268292682927,0.08413035294408297,NA,NA,NA
13.5,0.5,0.16293945539787136,0.5619834710743802,0.11619263973168338,NA,NA,NA
13.5,1,0.1639706189895982,0.5537190082644629,0.11686235203721851,NA,NA,NA
13.5,1.5,0.1653253191405455,0.5371900826446281,0.11781336017748256,NA,NA,NA
13.5,2,0.16665805320373844,0.5371900826446281,0.11885121703797377,NA,NA,NA
13.5,2.5,0.16752361640789223,0.5537190082644629,0.11963173796735639,NA,NA,NA
13.5,3,0.16766853289298658,0.5454545454545454,0.11999787888150801,NA,NA,NA
13.5,3.5,0.1669849490480639,0.5537190082644629,0.11985530276734273,NA,NA,NA
13.5,4,0.16548070448657703,0.5537190082644629,0.11923841140754844,NA,NA,NA
13.5,4.5,0.1632804258017222,0.5371900826446281,0.11817478646661395,NA,NA,NA
13.5,5,0.16057986535332489,0.5371900826446281,0.11674355084912524,NA,NA,NA
13.5,5.5,0.15776065894508212,0.5537190082644629,0.1151638797851933,NA,NA,NA
13.5,6,0.15477631178561466,0.5702479338842975,0.11338951597802126,NA,NA,NA
13.5,6.5,0.14362256134829168,0.5983606557377049,0.10585362564258319,NA,NA,NA
13.5,7,0.14046751477032257,0.5901639344262295,0.10382648659569789,NA,NA,NA
13.5,7.5,0.13753494813034667,0.5901639344262295,0.10187162728314067,NA,NA,NA
13.5,8,0.13468943033366107,0.6065573770491803,0.09986784807180696,NA,NA,NA
13.5,8.5,0.13209888141885506,0.6065573770491803,0.09797577663172695,NA,NA,NA
13.5,9,0.1295205516689886,0.6147540983606558,0.09611494577034245,NA,NA,NA
13.5,9.5,0.11829160552400704,0.6422764227642277,0.08804055349572297,NA,NA,NA
13.5,10,0.11612073644410949,0.6666666666666666,0.08636318061317032,NA,NA,NA
14,0.5,0.17046457226119782,0.5666666666666667,0.12077195108446807,NA,NA,NA
14,1,0.1719453583653295,0.5583333333333333,0.12172922374864963,NA,NA,NA
14,1.5,0.17393346597014653,0.55,0.12304256228072115,NA,NA,NA
14,2,0.17598507210153833,0.525,0.12449946542910154,NA,NA,NA
14,2.5,0.1774827180060709,0.5166666666666667,0.12571816915332318,NA,NA,NA
14,3,0.17817082668280454,0.5166666666666667,0.12651461938556768,NA,NA,NA
14,3.5,0.17784698014092215,0.525,0.12670861798404828,NA,NA,NA
14,4,0.17670735880656893,0.5166666666666667,0.12641676041056804,NA,NA,NA
14,4.5,0.17467748940853967,0.525,0.1255667913927584,NA,NA,NA
14,5,0.16541854775311216,0.5371900826446281,0.12012217601946386,NA,NA,NA
14,5.5,0.1624717369102513,0.5371900826446281,0.1184425638206662,NA,NA,NA
14,6,0.15941832374757928,0.5454545454545454,0.11660886937162919,NA,NA,NA
14,6.5,0.15613645538499302,0.5619834710743802,0.11459097821146677,NA,NA,NA
14,7,0.15320939664110053,0.5785123966942148,0.11274518303753894,NA,NA,NA
14,7.5,0.15020834449806114,0.5785123966942148,0.11077703256165024,NA,NA,NA
14,8,0.1474893953195572,0.5785123966942148,0.10896341362870474,NA,NA,NA
14,8.5,0.13563639251116,0.5819672131147541,0.10067024363438583,NA,NA,NA
14,9,0.13307927627289048,0.5983606557377049,0.09882372086486488,NA,NA,NA
14,9.5,0.13059160627006877,0.6065573770491803,0.09694670724897958,NA,NA,NA
14,10,0.12833616885350363,0.6147540983606558,0.09525122506297613,NA,NA,NA
14.5,0.5,0.17810034428369836,0.5416666666666666,0.12646277209500925,NA,NA,NA
14.5,1,0.17926514394070037,0.55,0.1272126789179878,NA,NA,NA
14.5,1.5,0.18088841329245564,0.5416666666666666,0.12827047789271948,NA,NA,NA
14.5,2,0.1824926369001623,0.525,0.12940600604271996,NA,NA,NA
14.5,2.5,0.1837016087826216,0.5,0.13035724941955995,NA,NA,NA
14.5,3,0.18407700672631605,0.49166666666666664,0.13082404824195507,NA,NA,NA
14.5,3.5,0.18355486686566566,0.475,0.13082976284776845,NA,NA,NA
14.5,4,0.1821367082937685,0.49166666666666664,0.13026696678964816,NA,NA,NA
14.5,4.5,0.18002123878458975,0.5,0.12927607261993251,NA,NA,NA
14.5,5,0.17741762727033691,0.5166666666666667,0.12798730352879584,NA,NA,NA
14.5,5.5,0.17444370083314634,0.5416666666666666,0.12636911836900652,NA,NA,NA
14.5,6,0.1714682009698106,0.5416666666666666,0.12464525065825169,NA,NA,NA
14.5,6.5,0.1684566828702041,0.5416666666666666,0.12287649834268081,NA,NA,NA
14.5,7,0.1575776702111245,0.5454545454545454,0.11575721569891,NA,NA,NA
14.5,7.5,0.15436194268293044,0.5537190082644629,0.11366820436275789,NA,NA,NA
14.5,8,0.1513470550870221,0.5702479338842975,0.11163512922440032,NA,NA,NA
14.5,8.5,0.14855254191201217,0.5785123966942148,0.1097090642670259,NA,NA,NA
14.5,9,0.1460435493588001,0.5785123966942148,0.10795815275992715,NA,NA,NA
14.5,9.5,0.13387266170893697,0.5983606557377049,0.09947202772636664,NA,NA,NA
14.5,10,0.13161672790647663,0.6065573770491803,0.09776062308253243,NA,NA,NA
15,0.5,0.18525325563334175,0.5546218487394958,0.13032920874387943,NA,NA,NA
15,1,0.18681726932422485,0.5546218487394958,0.13142386595699526,NA,NA,NA
15,1.5,0.18904670759836317,0.5462184873949579,0.13300488986857525,NA,NA,NA
15,2,0.19122929427916174,0.5294117647058824,0.134629595187128,NA,NA,NA
15,2.5,0.19293298810158468,0.5042016806722689,0.13605858478944297,NA,NA,NA
15,3,0.19389105071430848,0.48739495798319327,0.1371394097824228,NA,NA,NA
15,3.5,0.193730260216504,0.48739495798319327,0.1375350033555377,NA,NA,NA
15,4,0.19259984771269842,0.48739495798319327,0.13728944295539736,NA,NA,NA
15,4.5,0.1907432265930963,0.48739495798319327,0.13653096040028412,NA,NA,NA
15,5,0.18225285029323365,0.5,0.13127081943061472,NA,NA,NA
15,5.5,0.1793636298069472,0.5083333333333333,0.12969390599597239,NA,NA,NA
15,6,0.17625872605738796,0.5166666666666667,0.1279233574114129,NA,NA,NA
15,6.5,0.17307905164111737,0.5333333333333333,0.12603421800521056,NA,NA,NA
15,7,0.16983660570857256,0.5416666666666666,0.12400813834484616,NA,NA,NA
15,7.5,0.16691386181923124,0.5333333333333333,0.12214332682939655,NA,NA,NA
15,8,0.1641366095004677,0.5333333333333333,0.1203659474511052,NA,NA,NA
15,8.5,0.1524616990101799,0.5537190082644629,0.11246551469948193,NA,NA,NA
15,9,0.14986718063874263,0.5785123966942148,0.11067472093234913,NA,NA,NA
15,9.5,0.14713180055385755,0.5785123966942148,0.10875012356188668,NA,NA,NA
15,10,0.1446802649065009,0.5785123966942148,0.10701017236358364,NA,NA,NA
