data_type,date,median_R_mean,median_R_highHPD,median_R_lowHPD,country,estimate_type,countryIso3
N1,2020-09-08,1.056341099062053,2.0245538585294374,0.40054323858870133,NA,NA,NA
N1,2020-09-09,1.0247822529418096,1.9660926426025285,0.38768951434680676,NA,NA,NA
N1,2020-09-10,1.0084336188693142,1.9356475479462238,0.3811015169226776,NA,NA,NA
N1,2020-09-11,1.0042782170644748,1.9262406187531094,0.380157797165816,NA,NA,NA
N1,2020-09-12,1.016865392302715,1.942397227746453,0.3884349528103722,NA,NA,NA
N1,2020-09-13,1.0520721985131591,1.990716400439776,0.41030814047428826,NA,NA,NA
N1,2020-09-14,1.1121457717951755,2.0721807043806306,0.44837373789813073,NA,NA,NA
N1,2020-09-15,1.1984166070103506,2.1854818452196194,0.5053875055508129,NA,NA,NA
N1,2020-09-16,1.3033082953048696,2.316453951063331,0.5789877003450613,NA,NA,NA
N1,2020-09-17,1.413213730492544,2.4432946417832775,0.6625937208772958,NA,NA,NA
N1,2020-09-18,1.5079464415336177,2.5375918153052046,0.7437900252966181,NA,NA,NA
N1,2020-09-19,1.5712217168952982,2.57936947900983,0.8105850693653477,NA,NA,NA
N1,2020-09-20,1.6034600590865367,2.573075940864249,0.860916635924441,NA,NA,NA
N1,2020-09-21,1.6085292362304855,2.5285816085413764,0.8945145271827379,NA,NA,NA
N1,2020-09-22,1.5855674682812508,2.4491838771289207,0.9078245349755091,NA,NA,NA
N1,2020-09-23,1.5389762989719502,2.3435296706342204,0.9018769265716772,NA,NA,NA
N1,2020-09-24,1.4863764095698766,2.235388265567424,0.8886182309721424,NA,NA,NA
N1,2020-09-25,1.4374043660065774,2.1374611194931203,0.8747874629354001,NA,NA,NA
N1,2020-09-26,1.3977736772681186,2.056536619148554,0.8648629978049736,NA,NA,NA
N1,2020-09-27,1.3709654953462196,1.9959611663921755,0.8621023326833672,NA,NA,NA
N1,2020-09-28,1.3555723359274074,1.9528976974783594,0.8661182339688267,NA,NA,NA
N1,2020-09-29,1.3580060425472487,1.9338702997650157,0.8828261085253295,NA,NA,NA
N1,2020-09-30,1.378452019769131,1.937902747329247,0.9132455790201541,NA,NA,NA
N1,2020-10-01,1.4174546261065537,1.9643702108627494,0.9587820423676824,NA,NA,NA
N1,2020-10-02,1.4714286937860113,2.0077530362034803,1.0175087815383865,NA,NA,NA
N1,2020-10-03,1.5337735455270598,2.0592298898177144,1.0848365400436613,NA,NA,NA
N1,2020-10-04,1.5919037295789182,2.1035760198345765,1.1507133255236919,NA,NA,NA
N1,2020-10-05,1.6352070277430388,2.1286825279708235,1.2060458129963672,NA,NA,NA
N1,2020-10-06,1.6595895919728716,2.1306897012479755,1.2466539628911004,NA,NA,NA
N1,2020-10-07,1.6641726546663627,2.109826826906601,1.2707613372254851,NA,NA,NA
N1,2020-10-08,1.649884790351066,2.068381321895477,1.2781236287440172,NA,NA,NA
N1,2020-10-09,1.6206595591899249,2.01175522865133,1.2713255498586835,NA,NA,NA
N1,2020-10-10,1.5877467265024703,1.9531159131172522,1.2597532403937988,NA,NA,NA
N1,2020-10-11,1.555321183577249,1.8973301926085169,1.2468862067111477,NA,NA,NA
N1,2020-10-12,1.5210801276028396,1.8417874206552973,1.2306738002094728,NA,NA,NA
N1,2020-10-13,1.4827484279634864,1.7837988290963662,1.2091786331489003,NA,NA,NA
N1,2020-10-14,1.4408803913480506,1.7238191840675055,1.1829909114801296,NA,NA,NA
N1,2020-10-15,1.3936584126824547,1.6597675743362978,1.1505107843654692,NA,NA,NA
N1,2020-10-16,1.33850362246023,1.5887692162824885,1.109419388317017,NA,NA,NA
N1,2020-10-17,1.2762096317203537,1.5116465528353265,1.0604542928103284,NA,NA,NA
N1,2020-10-18,1.2140973867596803,1.436335077815489,1.01030478546034,NA,NA,NA
N1,2020-10-19,1.1587140849627775,1.369902447604273,0.9649842897264211,NA,NA,NA
N1,2020-10-20,1.1103258736648294,1.3125146341909724,0.9248379658613094,NA,NA,NA
N1,2020-10-21,1.065015928432005,1.2597166780153415,0.886455836321108,NA,NA,NA
N1,2020-10-22,1.0237747935359165,1.2123819362324655,0.8509144346550995,NA,NA,NA
N1,2020-10-23,0.9866598539038566,1.170428318861236,0.8183895118769552,NA,NA,NA
N1,2020-10-24,0.9526788062820283,1.1326725231070034,0.7880658118072557,NA,NA,NA
N1,2020-10-25,0.9216273390771409,1.0988051645094299,0.759833214806181,NA,NA,NA
N1,2020-10-26,0.8956777778590295,1.07113536441134,0.735719701397611,NA,NA,NA
N1,2020-10-27,0.878854781934136,1.0540329816125922,0.7193996786739074,NA,NA,NA
N1,2020-10-28,0.8699341988929943,1.0461227224387195,0.7097920350881028,NA,NA,NA
N1,2020-10-29,0.8696834559842748,1.0481581127154656,0.7076604018632946,NA,NA,NA
N1,2020-10-30,0.8808144508651894,1.0629972915059336,0.7155458172828442,NA,NA,NA
N1,2020-10-31,0.9034884688573396,1.0906662507555849,0.7337145430114043,NA,NA,NA
N1,2020-11-01,0.9347091006371507,1.1276499833903526,0.7596482868275573,NA,NA,NA
N1,2020-11-02,0.9670419057918473,1.1655010157288117,0.7868769441441279,NA,NA,NA
N1,2020-11-03,0.9925015546633078,1.1951982617504595,0.8084068374940498,NA,NA,NA
N1,2020-11-04,1.0081511422238083,1.2134039832458308,0.8216813462474918,NA,NA,NA
N1,2020-11-05,1.012485127459222,1.2185420086406127,0.8252783192120363,NA,NA,NA
N1,2020-11-06,1.00766818562712,1.2131941240412447,0.8209814106913703,NA,NA,NA
N1,2020-11-07,0.9976970792437041,1.20199637584808,0.812192380753096,NA,NA,NA
N1,2020-11-08,0.9865251031136048,1.189509555390917,0.80229643607801,NA,NA,NA
N1,2020-11-09,0.9740419992463037,1.1757568686021806,0.7910758905958519,NA,NA,NA
N1,2020-11-10,0.9606017531754178,1.1611873530474828,0.778801385634893,NA,NA,NA
N1,2020-11-11,0.9473475885676247,1.1470808302696835,0.7664848564460374,NA,NA,NA
N1,2020-11-12,0.9355231828023526,1.1348239248426757,0.7552312570175195,NA,NA,NA
N1,2020-11-13,0.9265687029570182,1.1260132933021734,0.7463265663605743,NA,NA,NA
N1,2020-11-14,0.9232802655515588,1.1237256453622928,0.7422845845870945,NA,NA,NA
N1,2020-11-15,0.9320870934862949,1.1350242015652288,0.7488927564375769,NA,NA,NA
N1,2020-11-16,0.9496836989646047,1.1561654176860539,0.7632642724681034,NA,NA,NA
N1,2020-11-17,0.9711348501421969,1.1814917676797347,0.7811472997181358,NA,NA,NA
N1,2020-11-18,0.9951036203549433,1.2092820732372198,0.8015445863590203,NA,NA,NA
N1,2020-11-19,1.022642277664445,1.2405169099293323,0.8255492386681991,NA,NA,NA
N1,2020-11-20,1.0527783460459113,1.2740125698044806,0.8523835469538844,NA,NA,NA
N1,2020-11-21,1.0804466603965672,1.3041092144799915,0.8775653944401336,NA,NA,NA
N1,2020-11-22,1.1008006154744439,1.3254354083564002,0.8967660697614086,NA,NA,NA
N1,2020-11-23,1.1124494314894324,1.336519853029392,0.9086838585640283,NA,NA,NA
N1,2020-11-24,1.114640758740649,1.3367106690772763,0.9124939576913648,NA,NA,NA
N1,2020-11-25,1.1100701500187264,1.3291948754507181,0.91043854857764694,NA,NA,NA
N1,2020-11-26,1.1027616748280011,1.318607054540522,0.9059691082891149,NA,NA,NA
N1,2020-11-27,1.0954548202277097,1.3081156732818615,0.9014247293464849,NA,NA,NA
N1,2020-11-28,1.088670187126424,1.298375684413562,0.8972057694638633,NA,NA,NA
N1,2020-11-29,1.0823878829659812,1.2893804064789234,0.8932812145846469,NA,NA,NA
N1,2020-11-30,1.0763405907255694,1.2808219813130441,0.8894211816696735,NA,NA,NA
N1,2020-12-01,1.0694456117156643,1.2715005788336526,0.8846565320889445,NA,NA,NA
N1,2020-12-02,1.0604063335003586,1.2599926688953818,0.8778153626056753,NA,NA,NA
N1,2020-12-03,1.0495297342221204,1.2466406086319928,0.8691699503525118,NA,NA,NA
N1,2020-12-04,1.0370101725741465,1.2316838474092895,0.8588737528992809,NA,NA,NA
N1,2020-12-05,1.0219029822542658,1.2141260802818452,0.8460391461232639,NA,NA,NA
N1,2020-12-06,1.0038383495721876,1.1935933367730749,0.830305705464562,NA,NA,NA
N1,2020-12-07,0.985601239943079,1.1731575328024577,0.8141780896251581,NA,NA,NA
N1,2020-12-08,0.9681297443643647,1.1538851455743155,0.7984739693409851,NA,NA,NA
N1,2020-12-09,0.9510812008472186,1.1354231455840658,0.7828656473180994,NA,NA,NA
N1,2020-12-10,0.934310245118757,1.1176065109380213,0.7672279090888569,NA,NA,NA
N1,2020-12-11,0.9181838761373993,1.1008246340274515,0.7519051075865201,NA,NA,NA
N1,2020-12-12,0.902575956678437,1.0849328937108482,0.7367903844948301,NA,NA,NA
N1,2020-12-13,0.8866349271629792,1.0689909525865244,0.7211222628406779,NA,NA,NA
N1,2020-12-14,0.8715441482992109,1.0542933274255974,0.7059749659359092,NA,NA,NA
N1,2020-12-15,0.859018547819885,1.042737922895448,0.6928843836147375,NA,NA,NA
N1,2020-12-16,0.8502740327607943,1.0356807410973112,0.6829296447557084,NA,NA,NA
N1,2020-12-17,0.847346661646868,1.0353689258461571,0.6779343247778676,NA,NA,NA
N1,2020-12-18,0.8508879023835637,1.0424955198950043,0.6785000032266464,NA,NA,NA
N1,2020-12-19,0.8588126148652638,1.0546772520430117,0.6828221632068825,NA,NA,NA
N1,2020-12-20,0.8681915298651646,1.0685442961834513,0.6883865388142099,NA,NA,NA
N1,2020-12-21,0.8777069445690315,1.0825073586065603,0.6941214702196769,NA,NA,NA
N1,2020-12-22,0.8874496949225354,1.0965846433672937,0.7001734008886307,NA,NA,NA
N1,2020-12-23,0.8975813759828173,1.1109216567883415,0.7067121723038515,NA,NA,NA
N1,2020-12-24,0.9088068200486343,1.1262889562660316,0.7143729434474327,NA,NA,NA
N1,2020-12-25,0.9220552545915451,1.1437063847240143,0.7239900189769003,NA,NA,NA
N1,2020-12-26,0.9329959107303136,1.1583171608775826,0.7317512686277405,NA,NA,NA
N1,2020-12-27,0.9380813859541156,1.1661171106381807,0.7345562598140718,NA,NA,NA
N1,2020-12-28,0.93497424532273,1.1644936883014665,0.7303435016802126,NA,NA,NA
N1,2020-12-29,0.922595551788002,1.15232187320323,0.7181010661392909,NA,NA,NA
N1,2020-12-30,0.900506387041765,1.129255816797012,0.6973359397738382,NA,NA,NA
N1,2020-12-31,0.869045626468767,1.0958419126160854,0.6682302883267869,NA,NA,NA
N1,2021-01-01,0.8337392788264859,1.058462359906333,0.6355127637387328,NA,NA,NA
N1,2021-01-02,0.7978449972393564,1.020985984258501,0.6018933036091426,NA,NA,NA
N1,2021-01-03,0.7625838900585612,0.9849481821406949,0.5683347408512537,NA,NA,NA
N1,2021-01-04,0.7275792266860936,0.9499979282546558,0.5344790677362479,NA,NA,NA
N1,2021-01-05,0.6925567673724295,0.9158449371307935,0.5001089588001852,NA,NA,NA
N1,2021-01-06,0.6566503454992264,0.8815000648543887,0.46453004106692564,NA,NA,NA
N1,2021-01-07,0.6184443128019415,0.8453140778684117,0.4266256697756322,NA,NA,NA
N1,2021-01-08,0.5766636379589781,0.8057558381394437,0.38546799541952353,NA,NA,NA
N1,2021-01-09,0.5303515831604065,0.7616112415924567,0.33860719027437725,NA,NA,NA
N2,2020-09-08,1.0898892081212046,2.0693748750912206,0.42188033503105266,NA,NA,NA
N2,2020-09-09,1.0599242360617707,2.0102389597743584,0.4112818630894209,NA,NA,NA
N2,2020-09-10,1.0447130494684485,1.978126277316357,0.40683965296935415,NA,NA,NA
N2,2020-09-11,1.041910080067514,1.9670120336172205,0.40835658879413306,NA,NA,NA
N2,2020-09-12,1.0554729271986267,1.9805453083702793,0.41913663041824545,NA,NA,NA
N2,2020-09-13,1.0903579161538357,2.0239446756614643,0.4431183776640517,NA,NA,NA
N2,2020-09-14,1.148358188115726,2.0975830100866117,0.48266258256817735,NA,NA,NA
N2,2020-09-15,1.2294373276268973,2.198538982694315,0.5395533011784525,NA,NA,NA
N2,2020-09-16,1.325279629180546,2.3123114457165297,0.6105256060692238,NA,NA,NA
N2,2020-09-17,1.4233290793617985,2.4194235066193004,0.6890649246593339,NA,NA,NA
N2,2020-09-18,1.5047283151061082,2.4941152800161044,0.7629893313710087,NA,NA,NA
N2,2020-09-19,1.5540209207683668,2.5179269637105737,0.8204793356099395,NA,NA,NA
N2,2020-09-20,1.5727969972051157,2.4965853386620283,0.8603535609739675,NA,NA,NA
N2,2020-09-21,1.567863221105431,2.443105657804055,0.8848014542418406,NA,NA,NA
N2,2020-09-22,1.538950414460684,2.360861140413295,0.891123242374542,NA,NA,NA
N2,2020-09-23,1.4884930089535802,2.255389740346267,0.8793138744428873,NA,NA,NA
N2,2020-09-24,1.433801537128584,2.1495379587076195,0.8614790031862467,NA,NA,NA
N2,2020-09-25,1.3844803375390973,2.0557091314342455,0.8445369695249069,NA,NA,NA
N2,2020-09-26,1.3463380751522078,1.98073165683208,0.8331207852501099,NA,NA,NA
N2,2020-09-27,1.3227312166618779,1.927787529793833,0.8304220089510075,NA,NA,NA
N2,2020-09-28,1.3120110287834692,1.8937333474312246,0.8358904841569988,NA,NA,NA
N2,2020-09-29,1.3183168913800833,1.8823522030285753,0.8536424826238153,NA,NA,NA
N2,2020-09-30,1.3405187634365772,1.891120317431852,0.8836180937075204,NA,NA,NA
N2,2020-10-01,1.3795697829192248,1.919996757446758,0.9274762640984805,NA,NA,NA
N2,2020-10-02,1.4330544627900468,1.9649686078442237,0.9841558004623623,NA,NA,NA
N2,2020-10-03,1.4955676241147278,2.0186863487749545,1.0500125935121238,NA,NA,NA
N2,2020-10-04,1.556755803018251,2.0684617766848037,1.1169292378181754,NA,NA,NA
N2,2020-10-05,1.6066651759542845,2.102777483192829,1.1765292457578171,NA,NA,NA
N2,2020-10-06,1.639190685239871,2.1152869317950653,1.2230812158782116,NA,NA,NA
N2,2020-10-07,1.6513330257329437,2.1037066800383566,1.253074058686552,NA,NA,NA
N2,2020-10-08,1.6433262188251876,2.069570663033041,1.2656441001154988,NA,NA,NA
N2,2020-10-09,1.6189984680806246,2.018293675679371,1.2631843709413626,NA,NA,NA
N2,2020-10-10,1.588563386504166,1.962057931594812,1.2540249151901202,NA,NA,NA
N2,2020-10-11,1.5563853603046056,1.9060805552702778,1.2416964763278084,NA,NA,NA
N2,2020-10-12,1.5216457258344267,1.8494903911912062,1.2253929535786243,NA,NA,NA
N2,2020-10-13,1.483489637903237,1.7912213060807345,1.204404429202594,NA,NA,NA
N2,2020-10-14,1.4427598613200627,1.7320618441662259,1.1795665535208273,NA,NA,NA
N2,2020-10-15,1.396783247271994,1.6689759784562963,1.1485202360673787,NA,NA,NA
N2,2020-10-16,1.3419203108203388,1.597908783600852,1.108000952428767,NA,NA,NA
N2,2020-10-17,1.278497645285734,1.5191746848148613,1.0583182743305255,NA,NA,NA
N2,2020-10-18,1.2137826021167002,1.4406795988401853,1.0060853365685425,NA,NA,NA
N2,2020-10-19,1.1547843075722235,1.3700278270784159,0.9577058969745808,NA,NA,NA
N2,2020-10-20,1.1023028392437042,1.3079859445772382,0.9139952525777246,NA,NA,NA
N2,2020-10-21,1.0529103417914034,1.250633560661646,0.871988488460421,NA,NA,NA
N2,2020-10-22,1.0085782840302733,1.1999177360580051,0.8336509366738688,NA,NA,NA
N2,2020-10-23,0.9696511752223342,1.1560688937286405,0.799420027790811,NA,NA,NA
N2,2020-10-24,0.9353702125227366,1.1181481049748498,0.7687016982485908,NA,NA,NA
N2,2020-10-25,0.9058904184587634,1.0862257523263752,0.7417220314427596,NA,NA,NA
N2,2020-10-26,0.8838058855687349,1.0630668268938637,0.7208930596065845,NA,NA,NA
N2,2020-10-27,0.8731521730163087,1.0530494936775951,0.7098976783325694,NA,NA,NA
N2,2020-10-28,0.8706938044678267,1.0525526044688256,0.7058704608523115,NA,NA,NA
N2,2020-10-29,0.8756258733847188,1.0605502779686795,0.7081998231291461,NA,NA,NA
N2,2020-10-30,0.8910342159232701,1.0802750415164428,0.7197922840661602,NA,NA,NA
N2,2020-10-31,0.9173352957034195,1.1120174099983413,0.7411570778786781,NA,NA,NA
N2,2020-11-01,0.9516096305714051,1.1523372385379795,0.7698547320125106,NA,NA,NA
N2,2020-11-02,0.9868654981048547,1.1932589520347914,0.7998288884116149,NA,NA,NA
N2,2020-11-03,1.0158843172360752,1.2265958802167696,0.8247859049342093,NA,NA,NA
N2,2020-11-04,1.03541158931983,1.2486678593851608,0.8418782231950712,NA,NA,NA
N2,2020-11-05,1.042641183441502,1.2564795366459582,0.8485032497471328,NA,NA,NA
N2,2020-11-06,1.0392358436738258,1.2520783957842665,0.8459769684868512,NA,NA,NA
N2,2020-11-07,1.0288049069682519,1.23970498420748,0.8373260921382797,NA,NA,NA
N2,2020-11-08,1.0153201445750564,1.22397750161719,0.8259215135312585,NA,NA,NA
N2,2020-11-09,0.9995753847690931,1.2059498430411133,0.8123296258971564,NA,NA,NA
N2,2020-11-10,0.9828153378449919,1.1870847351875826,0.7975949416411989,NA,NA,NA
N2,2020-11-11,0.9667269949892315,1.1692827979176708,0.7832001812049669,NA,NA,NA
N2,2020-11-12,0.9535879636287092,1.1550743284565894,0.7711754934651883,NA,NA,NA
N2,2020-11-13,0.9451397723289928,1.1463795192510686,0.7630842551628572,NA,NA,NA
N2,2020-11-14,0.9428516003016534,1.1447848012745039,0.7602718122474779,NA,NA,NA
N2,2020-11-15,0.9503732349449328,1.1542398548919068,0.76607350923161,NA,NA,NA
N2,2020-11-16,0.9639433648527452,1.1704764017263316,0.7772117984453726,NA,NA,NA
N2,2020-11-17,0.9788418801174961,1.188106654480697,0.7896003762341937,NA,NA,NA
N2,2020-11-18,0.9940914998177345,1.2058759759479987,0.8025070756540934,NA,NA,NA
N2,2020-11-19,1.0110037389529345,1.225131638825217,0.8171905582302924,NA,NA,NA
N2,2020-11-20,1.0294185792956885,1.2456618831082118,0.8335375312091604,NA,NA,NA
N2,2020-11-21,1.0463290130106402,1.2641308850241275,0.8488663781054658,NA,NA,NA
N2,2020-11-22,1.059020845269367,1.2775320234377643,0.8607517613543139,NA,NA,NA
N2,2020-11-23,1.0668143661314422,1.2851414909723529,0.8685618004381008,NA,NA,NA
N2,2020-11-24,1.067984517341724,1.2851530854303401,0.8706671975878107,NA,NA,NA
N2,2020-11-25,1.0632871612229013,1.278524312439205,0.8676434531118827,NA,NA,NA
N2,2020-11-26,1.0555246866747363,1.2684751944399624,0.8619000870107282,NA,NA,NA
N2,2020-11-27,1.047569461862261,1.258290166065962,0.8559205626962706,NA,NA,NA
N2,2020-11-28,1.0412482568411427,1.2500579409115964,0.8512845971687697,NA,NA,NA
N2,2020-11-29,1.0373283232267299,1.2446426832795543,0.848666618054344,NA,NA,NA
N2,2020-11-30,1.0360270032573244,1.242256533421843,0.8482848282721754,NA,NA,NA
N2,2020-12-01,1.036494096594987,1.2419166065610254,0.8494129986105051,NA,NA,NA
N2,2020-12-02,1.0372687858849,1.2419658911620375,0.8507767047693264,NA,NA,NA
N2,2020-12-03,1.0375504224613052,1.2414831065407526,0.8516881840936543,NA,NA,NA
N2,2020-12-04,1.0353546108701472,1.2382786379983288,0.850364895096076,NA,NA,NA
N2,2020-12-05,1.0283075567896012,1.2297645802500359,0.8446482393271149,NA,NA,NA
N2,2020-12-06,1.0161402290586046,1.215687012850225,0.8342608342285208,NA,NA,NA
N2,2020-12-07,1.0012080339916611,1.1987000831091703,0.82127298680256,NA,NA,NA
N2,2020-12-08,0.9849964772097959,1.1805237127649155,0.8069526221121123,NA,NA,NA
N2,2020-12-09,0.9684185637360468,1.1622288018607472,0.7920680642904071,NA,NA,NA
N2,2020-12-10,0.9523325458505373,1.1447921020378327,0.777366550741739,NA,NA,NA
N2,2020-12-11,0.9366696650138883,1.1281503500535623,0.7627772983986532,NA,NA,NA
N2,2020-12-12,0.9205101353547245,1.1112893530848529,0.747476006886847,NA,NA,NA
N2,2020-12-13,0.9028416632627417,1.0930849191393726,0.7305631383766152,NA,NA,NA
N2,2020-12-14,0.8844151040202174,1.0743613803507797,0.7127196476967955,NA,NA,NA
N2,2020-12-15,0.8669840484466727,1.0570743275766583,0.6955049195305066,NA,NA,NA
N2,2020-12-16,0.8526824063708774,1.0436177388544692,0.6808019726035973,NA,NA,NA
N2,2020-12-17,0.8451157333127179,1.038014180476017,0.671804986133633,NA,NA,NA
N2,2020-12-18,0.845254337181391,1.041345423508088,0.669370120870867,NA,NA,NA
N2,2020-12-19,0.8515899347400967,1.051873981593374,0.672201746022359,NA,NA,NA
N2,2020-12-20,0.861373269578872,1.0664100714321214,0.6779617364687456,NA,NA,NA
N2,2020-12-21,0.8727635366056261,1.082747276405842,0.6851416100538081,NA,NA,NA
N2,2020-12-22,0.8852610426842634,1.1002009329221139,0.6933993977122912,NA,NA,NA
N2,2020-12-23,0.8981195502697359,1.1178583673500233,0.7021375045922709,NA,NA,NA
N2,2020-12-24,0.9105914362118822,1.1348350328583785,0.7107338642233426,NA,NA,NA
N2,2020-12-25,0.9227018859607967,1.1511278228917026,0.7192347134190997,NA,NA,NA
N2,2020-12-26,0.9300373412478574,1.161789582208452,0.7237565251938505,NA,NA,NA
N2,2020-12-27,0.9295023430527143,1.1633545690864544,0.721574765053923,NA,NA,NA
N2,2020-12-28,0.9197091777881945,1.154321220476456,0.7114307866495687,NA,NA,NA
N2,2020-12-29,0.900977239216211,1.1351769762929294,0.6935116380424295,NA,NA,NA
N2,2020-12-30,0.8738710252094053,1.1067309294116523,0.6681882238717751,NA,NA,NA
N2,2020-12-31,0.8379038741493243,1.0686003772452954,0.6349279606307194,NA,NA,NA
N2,2021-01-01,0.7983941799876626,1.0269364519707795,0.598279166703633,NA,NA,NA
N2,2021-01-02,0.7593409328816934,0.9864553994189151,0.5615936263038145,NA,NA,NA
N2,2021-01-03,0.7220832628660527,0.9488498219265133,0.5259243688287534,NA,NA,NA
N2,2021-01-04,0.6851931305356505,0.9125692081026806,0.49002276095633435,NA,NA,NA
N2,2021-01-05,0.6471121202814761,0.8758133585188416,0.45262604392212585,NA,NA,NA
N2,2021-01-06,0.6069509356522451,0.8375080142566891,0.41309877368626136,NA,NA,NA
N2,2021-01-07,0.5637553150158341,0.796486531583987,0.3708006754139775,NA,NA,NA
N2,2021-01-08,0.515977754967175,0.7508217010840914,0.3247119429129526,NA,NA,NA
N2,2021-01-09,0.4622742649613626,0.6986804620170015,0.2741901835111458,NA,NA,NA
Confirmed cases,2020-09-08,0.863458141269843,1.078555851437002,0.6719950795815977,Switzerland,Cori_slidingWindow,CHE
Confirmed cases,2020-09-09,0.871736816861335,1.0915439038965735,0.6763459997858267,Switzerland,Cori_slidingWindow,CHE
Confirmed cases,2020-09-10,0.8805686299336443,1.1050489973008542,0.6812699030810103,Switzerland,Cori_slidingWindow,CHE
Confirmed cases,2020-09-11,0.8902332038400932,1.119341340992876,0.6870453077813915,Switzerland,Cori_slidingWindow,CHE
Confirmed cases,2020-09-12,0.9033490790507267,1.1373389205626068,0.6959852753266863,Switzerland,Cori_slidingWindow,CHE
Confirmed cases,2020-09-13,0.9287725392908904,1.1689571776836367,0.7158791397579619,Switzerland,Cori_slidingWindow,CHE
Confirmed cases,2020-09-14,0.9703895085459042,1.2184436374642524,0.7502296106577102,Switzerland,Cori_slidingWindow,CHE
Confirmed cases,2020-09-15,1.025621035249263,1.2825655226314459,0.7970531329299902,Switzerland,Cori_slidingWindow,CHE
Confirmed cases,2020-09-16,1.09517440130406,1.3615449076965864,0.8574492154930803,Switzerland,Cori_slidingWindow,CHE
Confirmed cases,2020-09-17,1.183760026057512,1.4599428128167984,0.9361836832366879,Switzerland,Cori_slidingWindow,CHE
Confirmed cases,2020-09-18,1.288679493719041,1.5740010695716216,1.0315417404740594,Switzerland,Cori_slidingWindow,CHE
Confirmed cases,2020-09-19,1.3878070439942045,1.6785990821524046,1.1243340194822422,Switzerland,Cori_slidingWindow,CHE
Confirmed cases,2020-09-20,1.4630717267376572,1.753681678015292,1.198462057508529,Switzerland,Cori_slidingWindow,CHE
Confirmed cases,2020-09-21,1.5109740306470982,1.795973575977405,1.2502908152097119,Switzerland,Cori_slidingWindow,CHE
Confirmed cases,2020-09-22,1.537867353351909,1.8134953519671377,1.2846749041487862,Switzerland,Cori_slidingWindow,CHE
Confirmed cases,2020-09-23,1.5521021793547534,1.8164263269496503,1.3083004791727868,Switzerland,Cori_slidingWindow,CHE
Confirmed cases,2020-09-24,1.5593503605642296,1.8116819504136505,1.3257027458181034,Switzerland,Cori_slidingWindow,CHE
Confirmed cases,2020-09-25,1.5638692389050999,1.8042711786569814,1.3404370650067337,Switzerland,Cori_slidingWindow,CHE
Confirmed cases,2020-09-26,1.5645266836354281,1.7931675138714793,1.3512803939452447,Switzerland,Cori_slidingWindow,CHE
Confirmed cases,2020-09-27,1.55862039855557,1.7755781860080664,1.3556192063598993,Switzerland,Cori_slidingWindow,CHE
Confirmed cases,2020-09-28,1.544286482780795,1.7496130898357003,1.3516110489301458,Switzerland,Cori_slidingWindow,CHE
Confirmed cases,2020-09-29,1.5275485758984957,1.7217919666619894,1.3447810348914169,Switzerland,Cori_slidingWindow,CHE
Confirmed cases,2020-09-30,1.513519633774933,1.6976048289565384,1.3398626426563267,Switzerland,Cori_slidingWindow,CHE
Confirmed cases,2020-10-01,1.5004390053054355,1.6751667971156312,1.3352101038748345,Switzerland,Cori_slidingWindow,CHE
Confirmed cases,2020-10-02,1.4839464119886734,1.6498036632203712,1.3267614327297108,Switzerland,Cori_slidingWindow,CHE
Confirmed cases,2020-10-03,1.4642684606849345,1.6217049521618192,1.3147662059141894,Switzerland,Cori_slidingWindow,CHE
Confirmed cases,2020-10-04,1.445153226196012,1.594797866017413,1.3027847772518908,Switzerland,Cori_slidingWindow,CHE
Confirmed cases,2020-10-05,1.4254933896669437,1.5679040793083134,1.2897743746693067,Switzerland,Cori_slidingWindow,CHE
Confirmed cases,2020-10-06,1.4042687347090204,1.5399224481208267,1.2747878032426074,Switzerland,Cori_slidingWindow,CHE
Confirmed cases,2020-10-07,1.3883678105927881,1.5180222124453293,1.2644252368708429,Switzerland,Cori_slidingWindow,CHE
Confirmed cases,2020-10-08,1.3855513629488951,1.510246737542271,1.2661581976687677,Switzerland,Cori_slidingWindow,CHE
Confirmed cases,2020-10-09,1.3944428532190716,1.5150310925893855,1.278789639223981,Switzerland,Cori_slidingWindow,CHE
Confirmed cases,2020-10-10,1.4078371974075556,1.5271136956303768,1.2885606991847345,Switzerland,Cori_slidingWindow,CHE
Confirmed cases,2020-10-11,1.4191090997523392,1.5421297847574647,1.2960884147472138,Switzerland,Cori_slidingWindow,CHE
Confirmed cases,2020-10-12,1.4242117220732309,1.544826791842669,1.3035966523037927,Switzerland,Cori_slidingWindow,CHE
Confirmed cases,2020-10-13,1.4219642204547476,1.535742936064199,1.3081855048452962,Switzerland,Cori_slidingWindow,CHE
Confirmed cases,2020-10-14,1.4146933241333801,1.521540348585992,1.3078462996807683,Switzerland,Cori_slidingWindow,CHE
Confirmed cases,2020-10-15,1.4000386883745077,1.5014288969833813,1.2986484797656341,Switzerland,Cori_slidingWindow,CHE
Confirmed cases,2020-10-16,1.3786940010387632,1.4764547503913468,1.2809332516861796,Switzerland,Cori_slidingWindow,CHE
Confirmed cases,2020-10-17,1.349666181228232,1.4453400645222343,1.2539922979342297,Switzerland,Cori_slidingWindow,CHE
Confirmed cases,2020-10-18,1.3114793702518417,1.4061050922076608,1.2168536482960226,Switzerland,Cori_slidingWindow,CHE
Confirmed cases,2020-10-19,1.2647563936623691,1.3598979851622826,1.1696148021624557,Switzerland,Cori_slidingWindow,CHE
Confirmed cases,2020-10-20,1.2143296110101733,1.3109004904959505,1.1177587315243962,Switzerland,Cori_slidingWindow,CHE
Confirmed cases,2020-10-21,1.1659123782542928,1.2645273491622537,1.067297407346332,Switzerland,Cori_slidingWindow,CHE
Confirmed cases,2020-10-22,1.1203288357980505,1.2204578672512867,1.0201998043448144,Switzerland,Cori_slidingWindow,CHE
Confirmed cases,2020-10-23,1.0769603091273274,1.176630953508055,0.9772896647465998,Switzerland,Cori_slidingWindow,CHE
Confirmed cases,2020-10-24,1.0355438337582974,1.1328410684264694,0.9382465990901255,Switzerland,Cori_slidingWindow,CHE
Confirmed cases,2020-10-25,0.9966458426038798,1.0897779798856442,0.9035137053221154,Switzerland,Cori_slidingWindow,CHE
Confirmed cases,2020-10-26,0.9599926842547952,1.0471585142152993,0.8728268542942913,Switzerland,Cori_slidingWindow,CHE
Confirmed cases,2020-10-27,0.9273401633964355,1.0071086933104179,0.8475716334824532,Switzerland,Cori_slidingWindow,CHE
Confirmed cases,2020-10-28,0.899472535378449,0.9734267612903053,0.8255183094665927,Switzerland,Cori_slidingWindow,CHE
Confirmed cases,2020-10-29,0.8760407294299188,0.9473885428044764,0.8046929160553613,Switzerland,Cori_slidingWindow,CHE
Confirmed cases,2020-10-30,0.8585245264964599,0.9292528484987265,0.7877962044941934,Switzerland,Cori_slidingWindow,CHE
Confirmed cases,2020-10-31,0.8476445908057251,0.919254468522471,0.7760347130889792,Switzerland,Cori_slidingWindow,CHE
Confirmed cases,2020-11-01,0.8417390373113817,0.9148688396392394,0.768609234983524,Switzerland,Cori_slidingWindow,CHE
Confirmed cases,2020-11-02,0.8393256870147192,0.9137490280822853,0.7649023459471531,Switzerland,Cori_slidingWindow,CHE
Confirmed cases,2020-11-03,0.8398161070070957,0.9152042714501814,0.7644279425640101,Switzerland,Cori_slidingWindow,CHE
Confirmed cases,2020-11-04,0.8421317293298728,0.9187228332484673,0.7655406254112783,Switzerland,Cori_slidingWindow,CHE
Confirmed cases,2020-11-05,0.8432377018033412,0.9212922095645004,0.765183194042182,Switzerland,Cori_slidingWindow,CHE
Confirmed cases,2020-11-06,0.8430284891260268,0.9231912049605372,0.7628657732915164,Switzerland,Cori_slidingWindow,CHE
Confirmed cases,2020-11-07,0.8443762343420275,0.9261092298383844,0.7626432388456705,Switzerland,Cori_slidingWindow,CHE
Confirmed cases,2020-11-08,0.8494357610003282,0.9305641807148695,0.768307341285787,Switzerland,Cori_slidingWindow,CHE
Confirmed cases,2020-11-09,0.8570534493825895,0.9354452805741289,0.7786616181910502,Switzerland,Cori_slidingWindow,CHE
Confirmed cases,2020-11-10,0.8663348485141353,0.9407765645734215,0.7918931324548492,Switzerland,Cori_slidingWindow,CHE
Confirmed cases,2020-11-11,0.878367651503779,0.9513806604711453,0.8070668380674964,Switzerland,Cori_slidingWindow,CHE
Confirmed cases,2020-11-12,0.8938927869262762,0.9686797710076985,0.8220706950695665,Switzerland,Cori_slidingWindow,CHE
Confirmed cases,2020-11-13,0.912529006730148,0.9891488836331889,0.8389571549252516,Switzerland,Cori_slidingWindow,CHE
Confirmed cases,2020-11-14,0.9333678823261627,1.01180990857423,0.8580491406417774,Switzerland,Cori_slidingWindow,CHE
Confirmed cases,2020-11-15,0.9557567483006502,1.0359468244041905,0.8787544542526334,Switzerland,Cori_slidingWindow,CHE
Confirmed cases,2020-11-16,0.9780593760259857,1.059823459492265,0.8995343261372156,Switzerland,Cori_slidingWindow,CHE
Confirmed cases,2020-11-17,0.997971607948108,1.0810176071449242,0.9182009118036015,Switzerland,Cori_slidingWindow,CHE
Confirmed cases,2020-11-18,1.013616811560203,1.0975679455553482,0.9329616981215806,Switzerland,Cori_slidingWindow,CHE
Confirmed cases,2020-11-19,1.025230958958851,1.1099774600394345,0.9404844578782677,Switzerland,Cori_slidingWindow,CHE
Confirmed cases,2020-11-20,1.0350160313601022,1.1256822254614034,0.9443498372588012,Switzerland,Cori_slidingWindow,CHE
Confirmed cases,2020-11-21,1.0443486321812498,1.1368127214728405,0.9518845428896592,Switzerland,Cori_slidingWindow,CHE
Confirmed cases,2020-11-22,1.0520026016592128,1.1406495788306408,0.9633556244877848,Switzerland,Cori_slidingWindow,CHE
Confirmed cases,2020-11-23,1.0565678842980974,1.1413980497811944,0.9749700933820544,Switzerland,Cori_slidingWindow,CHE
Confirmed cases,2020-11-24,1.0583345507595805,1.1427981219247922,0.9770708377606744,Switzerland,Cori_slidingWindow,CHE
Confirmed cases,2020-11-25,1.058724306484652,1.1427207826524854,0.9778919179235254,Switzerland,Cori_slidingWindow,CHE
Confirmed cases,2020-11-26,1.0572978289342259,1.1407351927449363,0.9769873919776816,Switzerland,Cori_slidingWindow,CHE
Confirmed cases,2020-11-27,1.0544191553098474,1.1372387486422835,0.973204275458672,Switzerland,Cori_slidingWindow,CHE
Confirmed cases,2020-11-28,1.050955272919842,1.142179421359038,0.9597311244806458,Switzerland,Cori_slidingWindow,CHE
Confirmed cases,2020-11-29,1.0470679017277023,1.1444839139499638,0.9496518895054407,Switzerland,Cori_slidingWindow,CHE
Confirmed cases,2020-11-30,1.0419914440043703,1.1417075315213319,0.9422753564874087,Switzerland,Cori_slidingWindow,CHE
Confirmed cases,2020-12-01,1.0371079346315506,1.1364884340023529,0.9377274352607483,Switzerland,Cori_slidingWindow,CHE
Confirmed cases,2020-12-02,1.0347202159025812,1.1335135275174635,0.935926904287699,Switzerland,Cori_slidingWindow,CHE
Confirmed cases,2020-12-03,1.035054251943308,1.1331810936445297,0.936927410242086,Switzerland,Cori_slidingWindow,CHE
Confirmed cases,2020-12-04,1.036636507233822,1.1324934172584518,0.9407795972091921,Switzerland,Cori_slidingWindow,CHE
Confirmed cases,2020-12-05,1.0382310480327346,1.1298570607290426,0.9466050353364265,Switzerland,Cori_slidingWindow,CHE
Confirmed cases,2020-12-06,1.0396076312130216,1.1258209931886174,0.9533942692374257,Switzerland,Cori_slidingWindow,CHE
Confirmed cases,2020-12-07,1.039649415752384,1.1202011889954795,0.9590976425092883,Switzerland,Cori_slidingWindow,CHE
Confirmed cases,2020-12-08,1.037551396055633,1.115713087374895,0.9613487968436544,Switzerland,Cori_slidingWindow,CHE
Confirmed cases,2020-12-09,1.0321573959367492,1.109798177044059,0.955844877393791,Switzerland,Cori_slidingWindow,CHE
Confirmed cases,2020-12-10,1.0229213399897796,1.1038466057721272,0.941996074207432,Switzerland,Cori_slidingWindow,CHE
Confirmed cases,2020-12-11,1.0110351336944388,1.0980181830921174,0.92405208429676,Switzerland,Cori_slidingWindow,CHE
Confirmed cases,2020-12-12,0.9986642954416145,1.090768638229806,0.9065599526534229,Switzerland,Cori_slidingWindow,CHE
Confirmed cases,2020-12-13,0.98596996478811,1.0808083658547394,0.8911315637214807,Switzerland,Cori_slidingWindow,CHE
Confirmed cases,2020-12-14,0.9731683602040369,1.0676663621060647,0.878670358302009,Switzerland,Cori_slidingWindow,CHE
Confirmed cases,2020-12-15,0.9615429523563218,1.0536258508981255,0.8694600538145182,Switzerland,Cori_slidingWindow,CHE
Confirmed cases,2020-12-16,0.9518375115761627,1.041969625266799,0.8617053978855265,Switzerland,Cori_slidingWindow,CHE
Confirmed cases,2020-12-17,0.9424061029545597,1.0327703782572009,0.8520418276519186,Switzerland,Cori_slidingWindow,CHE
Confirmed cases,2020-12-18,0.9325010253403517,1.0262111353303818,0.8387909153503217,Switzerland,Cori_slidingWindow,CHE
Confirmed cases,2020-12-19,0.9241223794259987,1.02177402040201,0.8264707384499874,Switzerland,Cori_slidingWindow,CHE
Confirmed cases,2020-12-20,0.9191325508427359,1.0173417974352446,0.8209233042502274,Switzerland,Cori_slidingWindow,CHE
Confirmed cases,2020-12-21,0.9170677924458923,1.011355669169931,0.8227799157218536,Switzerland,Cori_slidingWindow,CHE
Confirmed cases,2020-12-22,0.9163110978974133,1.0032668349071843,0.8293553608876423,Switzerland,Cori_slidingWindow,CHE
Confirmed cases,2020-12-23,0.9169988765889535,0.9965236976126883,0.8374740555652187,Switzerland,Cori_slidingWindow,CHE
Confirmed cases,2020-12-24,0.9188780356921303,0.995771877414278,0.8428374418793434,Switzerland,Cori_slidingWindow,CHE
Confirmed cases,2020-12-25,0.920453245579122,0.9981187080877232,0.8431421553934867,Switzerland,Cori_slidingWindow,CHE
Confirmed cases,2020-12-26,0.9197704140661652,1.0005728408757861,0.8389679872565443,Switzerland,Cori_slidingWindow,CHE
Confirmed cases,2020-12-27,0.915307737668432,0.9979670887741245,0.8326483865627394,Switzerland,Cori_slidingWindow,CHE
Confirmed cases,2020-12-28,0.9068503521488602,0.988000581653966,0.8257001226437545,Switzerland,Cori_slidingWindow,CHE
Confirmed cases,2020-12-29,0.8932917140026465,0.9726117200985699,0.816213187585564,Switzerland,Cori_slidingWindow,CHE
Confirmed cases,2020-12-30,0.8751881602534102,0.9545009074419595,0.7992704042959543,Switzerland,Cori_slidingWindow,CHE
Confirmed cases,2020-12-31,0.8551727817993383,0.9344807247711855,0.779335507252769,Switzerland,Cori_slidingWindow,CHE
Confirmed cases,2021-01-01,0.8352847812773874,0.914721348783964,0.7576160524555863,Switzerland,Cori_slidingWindow,CHE
Confirmed cases,2021-01-02,0.8183711665465853,0.898735910879049,0.7380064222141215,Switzerland,Cori_slidingWindow,CHE
Confirmed cases,2021-01-03,0.8041528797523646,0.8852311822371725,0.7230745772675568,Switzerland,Cori_slidingWindow,CHE
Confirmed cases,2021-01-04,0.7929650599752881,0.8746328462306512,0.714029112872979,Switzerland,Cori_slidingWindow,CHE
Confirmed cases,2021-01-05,0.7855990231417529,0.8686960485827094,0.706625133462861,Switzerland,Cori_slidingWindow,CHE
Confirmed cases,2021-01-06,0.7815791342536941,0.866437420426778,0.7010372685993671,Switzerland,Cori_slidingWindow,CHE
Confirmed cases,2021-01-07,0.7802100155952109,0.8671102736007849,0.6978386140602079,Switzerland,Cori_slidingWindow,CHE
Confirmed cases,2021-01-08,0.7778695284700765,0.8668713870818218,0.6936260104043429,Switzerland,Cori_slidingWindow,CHE
Confirmed cases,2021-01-09,0.7742215777591411,0.8653348351600683,0.6881112554829288,Switzerland,Cori_slidingWindow,CHE
